{
  "_version": 1,
  "abspath": "/home/jovyan/examples/examples/pytorch/text-autoaugment",
  "aug": null,
  "config": [
    "taa/confs/bert_sst2_example.yaml"
  ],
  "dataset": {
    "data_dir": null,
    "data_files": null,
    "name": "sst2",
    "path": "glue",
    "text_key": "sentence"
  },
  "epoch": 1,
  "ir": 0.02,
  "level_0_0": 0.3675732763244809,
  "level_0_1": 0.8563346816425927,
  "level_1_0": 0.4947566507863028,
  "level_1_1": 0.1707163343944479,
  "level_2_0": 0.48266558495785783,
  "level_2_1": 0.7256914749388388,
  "level_3_0": 0.8285979244604095,
  "level_3_1": 0.7148849847585703,
  "lr": "4e-5",
  "magnitude": 0.8,
  "max_seq_length": 128,
  "method": "taa",
  "model": {
    "type": "Bert"
  },
  "n_aug": 1,
  "num_cpus": 40,
  "num_gpus": 1,
  "num_op": 2,
  "num_policy": 4,
  "num_search": 200,
  "per_device_eval_batch_size": 128,
  "per_device_train_batch_size": 16,
  "policy_0_0": 1,
  "policy_0_1": 3,
  "policy_1_0": 4,
  "policy_1_1": 3,
  "policy_2_0": 2,
  "policy_2_1": 4,
  "policy_3_0": 1,
  "policy_3_1": 4,
  "prob_0_0": 0.6859573331232581,
  "prob_0_1": 0.16781968357845067,
  "prob_1_0": 0.2195670839928643,
  "prob_1_1": 0.17165133442878344,
  "prob_2_0": 0.6372248403071151,
  "prob_2_1": 0.7396963350792866,
  "prob_3_0": 0.7169762441324087,
  "prob_3_1": 0.4080573771004049,
  "redis": "localhost:6379",
  "seed": 59,
  "smoke": {
    "test": false
  },
  "tag": "pretrained_trail1_train-npc1000_n-aug1",
  "test": {
    "npc": 30
  },
  "topN": 3,
  "trail": 1,
  "train": {
    "npc": 1000
  },
  "until": 5,
  "valid": {
    "npc": 30
  }
}