{
  "_version": 1,
  "abspath": "/home/jovyan/examples/examples/pytorch/text-autoaugment",
  "aug": null,
  "config": [
    "taa/confs/bert_sst2_example.yaml"
  ],
  "dataset": {
    "data_dir": null,
    "data_files": null,
    "name": "sst2",
    "path": "glue",
    "text_key": "sentence"
  },
  "epoch": 1,
  "ir": 0.02,
  "level_0_0": 0.6226188350771606,
  "level_0_1": 0.0932675562189812,
  "level_1_0": 0.27655245388347427,
  "level_1_1": 0.21635118772418016,
  "level_2_0": 0.25078140076403943,
  "level_2_1": 0.43156084410873197,
  "level_3_0": 0.4883265855443354,
  "level_3_1": 0.6046111918595078,
  "lr": "4e-5",
  "magnitude": 0.8,
  "max_seq_length": 128,
  "method": "taa",
  "model": {
    "type": "Bert"
  },
  "n_aug": 1,
  "num_cpus": 40,
  "num_gpus": 1,
  "num_op": 2,
  "num_policy": 4,
  "num_search": 200,
  "per_device_eval_batch_size": 128,
  "per_device_train_batch_size": 16,
  "policy_0_0": 3,
  "policy_0_1": 4,
  "policy_1_0": 4,
  "policy_1_1": 2,
  "policy_2_0": 2,
  "policy_2_1": 3,
  "policy_3_0": 4,
  "policy_3_1": 4,
  "prob_0_0": 0.15570491829128896,
  "prob_0_1": 0.32431279488696196,
  "prob_1_0": 0.28296990388065435,
  "prob_1_1": 0.5894402261000338,
  "prob_2_0": 0.40831406200627174,
  "prob_2_1": 0.34861256499794957,
  "prob_3_0": 0.4585153081793344,
  "prob_3_1": 0.23579911045236868,
  "redis": "localhost:6379",
  "seed": 59,
  "smoke": {
    "test": false
  },
  "tag": "pretrained_trail1_train-npc1000_n-aug1",
  "test": {
    "npc": 30
  },
  "topN": 3,
  "trail": 1,
  "train": {
    "npc": 1000
  },
  "until": 5,
  "valid": {
    "npc": 30
  }
}