{
  "_version": 1,
  "abspath": "/home/jovyan/examples/examples/pytorch/text-autoaugment",
  "aug": null,
  "config": [
    "taa/confs/bert_sst2_example.yaml"
  ],
  "dataset": {
    "data_dir": null,
    "data_files": null,
    "name": "sst2",
    "path": "glue",
    "text_key": "sentence"
  },
  "epoch": 1,
  "ir": 0.02,
  "level_0_0": 0.8215986542588685,
  "level_0_1": 0.2076377298225941,
  "level_1_0": 0.21079447488545655,
  "level_1_1": 0.6863327403661439,
  "level_2_0": 0.44674611519186946,
  "level_2_1": 0.9991190477555477,
  "level_3_0": 0.11815254887226878,
  "level_3_1": 0.18444746092982311,
  "lr": "4e-5",
  "magnitude": 0.8,
  "max_seq_length": 128,
  "method": "taa",
  "model": {
    "type": "Bert"
  },
  "n_aug": 1,
  "num_cpus": 40,
  "num_gpus": 1,
  "num_op": 2,
  "num_policy": 4,
  "num_search": 200,
  "per_device_eval_batch_size": 128,
  "per_device_train_batch_size": 16,
  "policy_0_0": 2,
  "policy_0_1": 4,
  "policy_1_0": 2,
  "policy_1_1": 4,
  "policy_2_0": 4,
  "policy_2_1": 4,
  "policy_3_0": 4,
  "policy_3_1": 2,
  "prob_0_0": 0.38170709542851067,
  "prob_0_1": 0.3912091600331453,
  "prob_1_0": 0.3408153832323032,
  "prob_1_1": 0.8911479789832493,
  "prob_2_0": 0.7590887682619706,
  "prob_2_1": 0.4046906044395847,
  "prob_3_0": 0.6290525928199376,
  "prob_3_1": 0.4277643077523252,
  "redis": "localhost:6379",
  "seed": 59,
  "smoke": {
    "test": false
  },
  "tag": "pretrained_trail1_train-npc1000_n-aug1",
  "test": {
    "npc": 30
  },
  "topN": 3,
  "trail": 1,
  "train": {
    "npc": 1000
  },
  "until": 5,
  "valid": {
    "npc": 30
  }
}