{
  "_version": 1,
  "abspath": "~/examples/examples/pytorch/text-autoaugment",
  "aug": null,
  "config": [
    "taa/confs/bert_sst2_example.yaml"
  ],
  "dataset": {
    "data_dir": null,
    "data_files": null,
    "name": "sst2",
    "path": "glue",
    "text_key": "sentence"
  },
  "epoch": 10,
  "ir": 0.02,
  "level_0_0": 0.018776998173515524,
  "level_0_1": 0.5199054324176169,
  "level_1_0": 0.13164592792179153,
  "level_1_1": 0.5199197333749896,
  "level_2_0": 0.5777054989733825,
  "level_2_1": 0.2775886075705135,
  "level_3_0": 0.371520427326989,
  "level_3_1": 0.3851031773463761,
  "lr": "4e-5",
  "magnitude": 0.8,
  "max_seq_length": 128,
  "method": "taa",
  "model": {
    "type": "Bert"
  },
  "n_aug": 1,
  "num_cpus": 40,
  "num_gpus": 1,
  "num_op": 2,
  "num_policy": 4,
  "num_search": 200,
  "per_device_eval_batch_size": 128,
  "per_device_train_batch_size": 64,
  "policy_0_0": 3,
  "policy_0_1": 3,
  "policy_1_0": 4,
  "policy_1_1": 2,
  "policy_2_0": 0,
  "policy_2_1": 1,
  "policy_3_0": 2,
  "policy_3_1": 2,
  "prob_0_0": 0.2449963924935017,
  "prob_0_1": 0.5707648074521595,
  "prob_1_0": 0.514289666529361,
  "prob_1_1": 0.8054716957500525,
  "prob_2_0": 0.6952752892648494,
  "prob_2_1": 0.46955943982815185,
  "prob_3_0": 0.899111622311935,
  "prob_3_1": 0.5182257880828446,
  "redis": "localhost:6379",
  "seed": 59,
  "smoke": {
    "test": false
  },
  "tag": "pretrained_trail1_train-npc1000_n-aug1",
  "test": {
    "npc": 30
  },
  "topN": 3,
  "trail": 1,
  "train": {
    "npc": 1000
  },
  "until": 5,
  "valid": {
    "npc": 30
  }
}