{
  "_version": 1,
  "abspath": "/home/jovyan/examples/examples/pytorch/text-autoaugment",
  "aug": null,
  "config": [
    "taa/confs/bert_sst2_example.yaml"
  ],
  "dataset": {
    "data_dir": null,
    "data_files": null,
    "name": "sst2",
    "path": "glue",
    "text_key": "sentence"
  },
  "epoch": 10,
  "ir": 0.02,
  "level_0_0": 0.7091554975095016,
  "level_0_1": 0.5250015360403513,
  "level_1_0": 0.7301863053934737,
  "level_1_1": 0.2822023408723938,
  "level_2_0": 0.6117463901321348,
  "level_2_1": 0.40020042496416075,
  "level_3_0": 0.45006775399935595,
  "level_3_1": 0.689129337676071,
  "lr": "4e-5",
  "magnitude": 0.8,
  "max_seq_length": 128,
  "method": "taa",
  "model": {
    "type": "Bert"
  },
  "n_aug": 1,
  "num_cpus": 40,
  "num_gpus": 1,
  "num_op": 2,
  "num_policy": 4,
  "num_search": 200,
  "per_device_eval_batch_size": 128,
  "per_device_train_batch_size": 64,
  "policy_0_0": 1,
  "policy_0_1": 4,
  "policy_1_0": 2,
  "policy_1_1": 0,
  "policy_2_0": 0,
  "policy_2_1": 4,
  "policy_3_0": 3,
  "policy_3_1": 3,
  "prob_0_0": 0.2854586178735531,
  "prob_0_1": 0.2543905248570879,
  "prob_1_0": 0.7871394109378167,
  "prob_1_1": 0.5542550221698227,
  "prob_2_0": 0.4884169218957869,
  "prob_2_1": 0.39165438100615046,
  "prob_3_0": 0.7607038917237812,
  "prob_3_1": 0.3003766226936816,
  "redis": "localhost:6379",
  "seed": 59,
  "smoke": {
    "test": false
  },
  "tag": "pretrained_trail1_train-npc1000_n-aug1",
  "test": {
    "npc": 30
  },
  "topN": 3,
  "trail": 1,
  "train": {
    "npc": 1000
  },
  "until": 5,
  "valid": {
    "npc": 30
  }
}