{
  "_version": 1,
  "abspath": "/home/jovyan/examples/examples/pytorch/text-autoaugment",
  "aug": null,
  "config": [
    "taa/confs/bert_sst2_example.yaml"
  ],
  "dataset": {
    "data_dir": null,
    "data_files": null,
    "name": "sst2",
    "path": "glue",
    "text_key": "sentence"
  },
  "epoch": 1,
  "ir": 0.02,
  "level_0_0": 0.02645506658862773,
  "level_0_1": 0.6266582350069106,
  "level_1_0": 0.6609388653200122,
  "level_1_1": 0.6886184011257851,
  "level_2_0": 0.7566975510980559,
  "level_2_1": 0.4187306650925865,
  "level_3_0": 0.7222366605781739,
  "level_3_1": 0.756365631625184,
  "lr": "4e-5",
  "magnitude": 0.8,
  "max_seq_length": 128,
  "method": "taa",
  "model": {
    "type": "Bert"
  },
  "n_aug": 1,
  "num_cpus": 40,
  "num_gpus": 1,
  "num_op": 2,
  "num_policy": 4,
  "num_search": 200,
  "per_device_eval_batch_size": 128,
  "per_device_train_batch_size": 10,
  "policy_0_0": 1,
  "policy_0_1": 4,
  "policy_1_0": 2,
  "policy_1_1": 3,
  "policy_2_0": 0,
  "policy_2_1": 3,
  "policy_3_0": 3,
  "policy_3_1": 2,
  "prob_0_0": 0.3711816486764944,
  "prob_0_1": 0.27085623034052464,
  "prob_1_0": 0.18767014154077832,
  "prob_1_1": 0.8681090173932617,
  "prob_2_0": 0.08366915059103863,
  "prob_2_1": 0.829781928553478,
  "prob_3_0": 0.709504036918671,
  "prob_3_1": 0.94598285623709,
  "redis": "localhost:6379",
  "seed": 59,
  "smoke": {
    "test": false
  },
  "tag": "pretrained_trail1_train-npc1000_n-aug1",
  "test": {
    "npc": 30
  },
  "topN": 3,
  "trail": 1,
  "train": {
    "npc": 1000
  },
  "until": 5,
  "valid": {
    "npc": 30
  }
}