{
  "_version": 1,
  "abspath": "/home/jovyan/examples/examples/pytorch/text-autoaugment",
  "aug": null,
  "config": [
    "taa/confs/bert_sst2_example.yaml"
  ],
  "dataset": {
    "data_dir": null,
    "data_files": null,
    "name": "sst2",
    "path": "glue",
    "text_key": "sentence"
  },
  "epoch": 1,
  "ir": 0.02,
  "level_0_0": 0.7259838055048794,
  "level_0_1": 0.6319377659759776,
  "level_1_0": 0.1253597717164966,
  "level_1_1": 0.7059216055682475,
  "level_2_0": 0.9871707241497782,
  "level_2_1": 0.18463595365827767,
  "level_3_0": 0.38463632613060594,
  "level_3_1": 0.5638835397827272,
  "lr": "4e-5",
  "magnitude": 0.8,
  "max_seq_length": 128,
  "method": "taa",
  "model": {
    "type": "Bert"
  },
  "n_aug": 1,
  "num_cpus": 40,
  "num_gpus": 1,
  "num_op": 2,
  "num_policy": 4,
  "num_search": 200,
  "per_device_eval_batch_size": 128,
  "per_device_train_batch_size": 16,
  "policy_0_0": 3,
  "policy_0_1": 4,
  "policy_1_0": 1,
  "policy_1_1": 1,
  "policy_2_0": 2,
  "policy_2_1": 4,
  "policy_3_0": 1,
  "policy_3_1": 3,
  "prob_0_0": 0.20956872581054564,
  "prob_0_1": 0.2233668219989704,
  "prob_1_0": 0.053406262557185946,
  "prob_1_1": 0.030517202230776808,
  "prob_2_0": 0.8901063085059804,
  "prob_2_1": 0.6707964142560573,
  "prob_3_0": 0.2272944580089813,
  "prob_3_1": 0.15054021204726453,
  "redis": "localhost:6379",
  "seed": 59,
  "smoke": {
    "test": false
  },
  "tag": "pretrained_trail1_train-npc1000_n-aug1",
  "test": {
    "npc": 30
  },
  "topN": 3,
  "trail": 1,
  "train": {
    "npc": 1000
  },
  "until": 5,
  "valid": {
    "npc": 30
  }
}