{
  "_version": 1,
  "abspath": "~/examples/examples/pytorch/text-autoaugment",
  "aug": null,
  "config": [
    "taa/confs/bert_sst2_example.yaml"
  ],
  "dataset": {
    "data_dir": null,
    "data_files": null,
    "name": "sst2",
    "path": "glue",
    "text_key": "sentence"
  },
  "epoch": 10,
  "ir": 0.02,
  "level_0_0": 0.8481005952358562,
  "level_0_1": 0.7765934934061136,
  "level_1_0": 0.91508683212493,
  "level_1_1": 0.5089695260138655,
  "level_2_0": 0.39673708480462466,
  "level_2_1": 0.8893709427553456,
  "level_3_0": 0.2856140090957118,
  "level_3_1": 0.24586002737331447,
  "lr": "4e-5",
  "magnitude": 0.8,
  "max_seq_length": 128,
  "method": "taa",
  "model": {
    "type": "Bert"
  },
  "n_aug": 1,
  "num_cpus": 40,
  "num_gpus": 1,
  "num_op": 2,
  "num_policy": 4,
  "num_search": 200,
  "per_device_eval_batch_size": 128,
  "per_device_train_batch_size": 64,
  "policy_0_0": 2,
  "policy_0_1": 1,
  "policy_1_0": 4,
  "policy_1_1": 1,
  "policy_2_0": 0,
  "policy_2_1": 4,
  "policy_3_0": 3,
  "policy_3_1": 1,
  "prob_0_0": 0.5188966270035555,
  "prob_0_1": 0.3450632935625009,
  "prob_1_0": 0.3138560190879548,
  "prob_1_1": 0.12783507250991022,
  "prob_2_0": 0.2727365218711527,
  "prob_2_1": 0.09469350731654236,
  "prob_3_0": 0.9859181351720331,
  "prob_3_1": 0.9176671072906398,
  "redis": "localhost:6379",
  "seed": 59,
  "smoke": {
    "test": false
  },
  "tag": "pretrained_trail1_train-npc1000_n-aug1",
  "test": {
    "npc": 30
  },
  "topN": 3,
  "trail": 1,
  "train": {
    "npc": 1000
  },
  "until": 5,
  "valid": {
    "npc": 30
  }
}