{
  "_version": 1,
  "abspath": "~/examples/examples/pytorch/text-autoaugment",
  "aug": null,
  "config": [
    "taa/confs/bert_sst2_example.yaml"
  ],
  "dataset": {
    "data_dir": null,
    "data_files": null,
    "name": "sst2",
    "path": "glue",
    "text_key": "sentence"
  },
  "epoch": 10,
  "ir": 0.02,
  "level_0_0": 0.04988441818104916,
  "level_0_1": 0.5855204980299018,
  "level_1_0": 0.9223635329774413,
  "level_1_1": 0.3588797177801256,
  "level_2_0": 0.5842272443846052,
  "level_2_1": 0.5294341866839242,
  "level_3_0": 0.9777036311729702,
  "level_3_1": 0.5036773349262926,
  "lr": "4e-5",
  "magnitude": 0.8,
  "max_seq_length": 128,
  "method": "taa",
  "model": {
    "type": "Bert"
  },
  "n_aug": 1,
  "num_cpus": 40,
  "num_gpus": 1,
  "num_op": 2,
  "num_policy": 4,
  "num_search": 200,
  "per_device_eval_batch_size": 128,
  "per_device_train_batch_size": 64,
  "policy_0_0": 3,
  "policy_0_1": 2,
  "policy_1_0": 2,
  "policy_1_1": 3,
  "policy_2_0": 3,
  "policy_2_1": 2,
  "policy_3_0": 0,
  "policy_3_1": 0,
  "prob_0_0": 0.7085833503746067,
  "prob_0_1": 0.7507339781014111,
  "prob_1_0": 0.4178249895255901,
  "prob_1_1": 0.6865646087549357,
  "prob_2_0": 0.6238877713569454,
  "prob_2_1": 0.6645409460550308,
  "prob_3_0": 0.7296445902175175,
  "prob_3_1": 0.4961171832461987,
  "redis": "localhost:6379",
  "seed": 59,
  "smoke": {
    "test": false
  },
  "tag": "pretrained_trail1_train-npc1000_n-aug1",
  "test": {
    "npc": 30
  },
  "topN": 3,
  "trail": 1,
  "train": {
    "npc": 1000
  },
  "until": 5,
  "valid": {
    "npc": 30
  }
}