{
  "_version": 1,
  "abspath": "/home/jovyan/examples/examples/pytorch/text-autoaugment",
  "aug": null,
  "config": [
    "taa/confs/bert_sst2_example.yaml"
  ],
  "dataset": {
    "data_dir": null,
    "data_files": null,
    "name": "sst2",
    "path": "glue",
    "text_key": "sentence"
  },
  "epoch": 1,
  "ir": 0.02,
  "level_0_0": 0.7403202414073247,
  "level_0_1": 0.2594159503393655,
  "level_1_0": 0.3917400513998811,
  "level_1_1": 0.8689707086113324,
  "level_2_0": 0.32899189750016933,
  "level_2_1": 0.9699629512049224,
  "level_3_0": 0.13781322801249274,
  "level_3_1": 0.8790376161979339,
  "lr": "4e-5",
  "magnitude": 0.8,
  "max_seq_length": 128,
  "method": "taa",
  "model": {
    "type": "Bert"
  },
  "n_aug": 1,
  "num_cpus": 40,
  "num_gpus": 1,
  "num_op": 2,
  "num_policy": 4,
  "num_search": 200,
  "per_device_eval_batch_size": 128,
  "per_device_train_batch_size": 16,
  "policy_0_0": 3,
  "policy_0_1": 0,
  "policy_1_0": 4,
  "policy_1_1": 1,
  "policy_2_0": 1,
  "policy_2_1": 4,
  "policy_3_0": 3,
  "policy_3_1": 3,
  "prob_0_0": 0.8661214302046217,
  "prob_0_1": 0.287091710811769,
  "prob_1_0": 0.3396337054585089,
  "prob_1_1": 0.22564692047193058,
  "prob_2_0": 0.9612784805771278,
  "prob_2_1": 0.06186682082127004,
  "prob_3_0": 0.36697981594544227,
  "prob_3_1": 0.8762241959204486,
  "redis": "localhost:6379",
  "seed": 59,
  "smoke": {
    "test": false
  },
  "tag": "pretrained_trail1_train-npc1000_n-aug1",
  "test": {
    "npc": 30
  },
  "topN": 3,
  "trail": 1,
  "train": {
    "npc": 1000
  },
  "until": 5,
  "valid": {
    "npc": 30
  }
}