{
  "_version": 1,
  "abspath": "/home/jovyan/examples/examples/pytorch/text-autoaugment",
  "aug": null,
  "config": [
    "taa/confs/bert_sst2_example.yaml"
  ],
  "dataset": {
    "data_dir": null,
    "data_files": null,
    "name": "sst2",
    "path": "glue",
    "text_key": "sentence"
  },
  "epoch": 1,
  "ir": 0.02,
  "level_0_0": 0.8448294272768055,
  "level_0_1": 0.614485159431198,
  "level_1_0": 0.5345724619489143,
  "level_1_1": 0.17355460384640164,
  "level_2_0": 0.30464293051558056,
  "level_2_1": 0.030985619785505625,
  "level_3_0": 0.3716481647852008,
  "level_3_1": 0.022669931719085046,
  "lr": "4e-5",
  "magnitude": 0.8,
  "max_seq_length": 128,
  "method": "taa",
  "model": {
    "type": "Bert"
  },
  "n_aug": 1,
  "num_cpus": 40,
  "num_gpus": 1,
  "num_op": 2,
  "num_policy": 4,
  "num_search": 200,
  "per_device_eval_batch_size": 128,
  "per_device_train_batch_size": 16,
  "policy_0_0": 0,
  "policy_0_1": 0,
  "policy_1_0": 1,
  "policy_1_1": 4,
  "policy_2_0": 4,
  "policy_2_1": 2,
  "policy_3_0": 0,
  "policy_3_1": 2,
  "prob_0_0": 0.7766911008453772,
  "prob_0_1": 0.7176238345742042,
  "prob_1_0": 0.015656827208992086,
  "prob_1_1": 0.8716118327542558,
  "prob_2_0": 0.3019114265973525,
  "prob_2_1": 0.21378088885760826,
  "prob_3_0": 0.26068582886802294,
  "prob_3_1": 0.6779389684049252,
  "redis": "localhost:6379",
  "seed": 59,
  "smoke": {
    "test": false
  },
  "tag": "pretrained_trail1_train-npc1000_n-aug1",
  "test": {
    "npc": 30
  },
  "topN": 3,
  "trail": 1,
  "train": {
    "npc": 1000
  },
  "until": 5,
  "valid": {
    "npc": 30
  }
}