{
  "_version": 1,
  "abspath": "/home/jovyan/examples/examples/pytorch/text-autoaugment",
  "aug": null,
  "config": [
    "taa/confs/bert_sst2_example.yaml"
  ],
  "dataset": {
    "data_dir": null,
    "data_files": null,
    "name": "sst2",
    "path": "glue",
    "text_key": "sentence"
  },
  "epoch": 1,
  "ir": 0.02,
  "level_0_0": 0.5924470967899057,
  "level_0_1": 0.02173353869805006,
  "level_1_0": 0.1997173291038038,
  "level_1_1": 0.9158294465198967,
  "level_2_0": 0.6041868535669169,
  "level_2_1": 0.9385843858384357,
  "level_3_0": 0.7323151146628061,
  "level_3_1": 0.2183260673656231,
  "lr": "4e-5",
  "magnitude": 0.8,
  "max_seq_length": 128,
  "method": "taa",
  "model": {
    "type": "Bert"
  },
  "n_aug": 1,
  "num_cpus": 40,
  "num_gpus": 1,
  "num_op": 2,
  "num_policy": 4,
  "num_search": 200,
  "per_device_eval_batch_size": 128,
  "per_device_train_batch_size": 16,
  "policy_0_0": 2,
  "policy_0_1": 3,
  "policy_1_0": 0,
  "policy_1_1": 2,
  "policy_2_0": 3,
  "policy_2_1": 2,
  "policy_3_0": 4,
  "policy_3_1": 0,
  "prob_0_0": 0.13507510413807666,
  "prob_0_1": 0.855720235732791,
  "prob_1_0": 0.969725200912138,
  "prob_1_1": 0.5664227593894712,
  "prob_2_0": 0.1610510231954072,
  "prob_2_1": 0.40921276015391084,
  "prob_3_0": 0.03319380647002135,
  "prob_3_1": 0.948249281128221,
  "redis": "localhost:6379",
  "seed": 59,
  "smoke": {
    "test": false
  },
  "tag": "pretrained_trail1_train-npc1000_n-aug1",
  "test": {
    "npc": 30
  },
  "topN": 3,
  "trail": 1,
  "train": {
    "npc": 1000
  },
  "until": 5,
  "valid": {
    "npc": 30
  }
}