{
  "_version": 1,
  "abspath": "/home/jovyan/examples/examples/pytorch/text-autoaugment",
  "aug": null,
  "config": [
    "taa/confs/bert_sst2_example.yaml"
  ],
  "dataset": {
    "data_dir": null,
    "data_files": null,
    "name": "sst2",
    "path": "glue",
    "text_key": "sentence"
  },
  "epoch": 1,
  "ir": 0.02,
  "level_0_0": 0.5806295094715346,
  "level_0_1": 0.17714915903228212,
  "level_1_0": 0.9427875572645781,
  "level_1_1": 0.5609020186434572,
  "level_2_0": 0.12207175990910224,
  "level_2_1": 0.34030570907930524,
  "level_3_0": 0.8022484831702813,
  "level_3_1": 0.5904334660747897,
  "lr": "4e-5",
  "magnitude": 0.8,
  "max_seq_length": 128,
  "method": "taa",
  "model": {
    "type": "Bert"
  },
  "n_aug": 1,
  "num_cpus": 40,
  "num_gpus": 1,
  "num_op": 2,
  "num_policy": 4,
  "num_search": 200,
  "per_device_eval_batch_size": 128,
  "per_device_train_batch_size": 16,
  "policy_0_0": 0,
  "policy_0_1": 4,
  "policy_1_0": 2,
  "policy_1_1": 2,
  "policy_2_0": 0,
  "policy_2_1": 2,
  "policy_3_0": 4,
  "policy_3_1": 0,
  "prob_0_0": 0.14236159606442844,
  "prob_0_1": 0.2928644387901176,
  "prob_1_0": 0.8702552895408268,
  "prob_1_1": 0.479721452964759,
  "prob_2_0": 0.7563786389056537,
  "prob_2_1": 0.9742844382677056,
  "prob_3_0": 0.021302127011949334,
  "prob_3_1": 0.35875049145621307,
  "redis": "localhost:6379",
  "seed": 59,
  "smoke": {
    "test": false
  },
  "tag": "pretrained_trail1_train-npc1000_n-aug1",
  "test": {
    "npc": 30
  },
  "topN": 3,
  "trail": 1,
  "train": {
    "npc": 1000
  },
  "until": 5,
  "valid": {
    "npc": 30
  }
}