{
  "_version": 1,
  "abspath": "~/examples/examples/pytorch/text-autoaugment",
  "aug": null,
  "config": [
    "taa/confs/bert_sst2_example.yaml"
  ],
  "dataset": {
    "data_dir": null,
    "data_files": null,
    "name": "sst2",
    "path": "glue",
    "text_key": "sentence"
  },
  "epoch": 10,
  "ir": 0.02,
  "level_0_0": 0.8716722337132295,
  "level_0_1": 0.25626617415205954,
  "level_1_0": 0.16085092754068553,
  "level_1_1": 0.03415089739786836,
  "level_2_0": 0.4355509218790836,
  "level_2_1": 0.09428757326001069,
  "level_3_0": 0.17431720698547182,
  "level_3_1": 0.9288109037463811,
  "lr": "4e-5",
  "magnitude": 0.8,
  "max_seq_length": 128,
  "method": "taa",
  "model": {
    "type": "Bert"
  },
  "n_aug": 1,
  "num_cpus": 40,
  "num_gpus": 1,
  "num_op": 2,
  "num_policy": 4,
  "num_search": 200,
  "per_device_eval_batch_size": 128,
  "per_device_train_batch_size": 64,
  "policy_0_0": 0,
  "policy_0_1": 2,
  "policy_1_0": 0,
  "policy_1_1": 3,
  "policy_2_0": 0,
  "policy_2_1": 4,
  "policy_3_0": 3,
  "policy_3_1": 2,
  "prob_0_0": 0.16998661528359382,
  "prob_0_1": 0.5870527332215654,
  "prob_1_0": 0.9422257223247044,
  "prob_1_1": 0.13043311678444103,
  "prob_2_0": 0.82726625933028,
  "prob_2_1": 0.3642631555764254,
  "prob_3_0": 0.8106342458722465,
  "prob_3_1": 0.21047077568211237,
  "redis": "localhost:6379",
  "seed": 59,
  "smoke": {
    "test": false
  },
  "tag": "pretrained_trail1_train-npc1000_n-aug1",
  "test": {
    "npc": 30
  },
  "topN": 3,
  "trail": 1,
  "train": {
    "npc": 1000
  },
  "until": 5,
  "valid": {
    "npc": 30
  }
}