{
  "_version": 1,
  "abspath": "/home/jovyan/examples/examples/pytorch/text-autoaugment",
  "aug": null,
  "config": [
    "taa/confs/bert_sst2_example.yaml"
  ],
  "dataset": {
    "data_dir": null,
    "data_files": null,
    "name": "sst2",
    "path": "glue",
    "text_key": "sentence"
  },
  "epoch": 1,
  "ir": 0.02,
  "level_0_0": 0.7584564860919781,
  "level_0_1": 0.9287083180768252,
  "level_1_0": 0.3318339704689015,
  "level_1_1": 0.2861639231896741,
  "level_2_0": 0.09046512526388872,
  "level_2_1": 0.4617839247849822,
  "level_3_0": 0.6751492357741116,
  "level_3_1": 0.6046777731323173,
  "lr": "4e-5",
  "magnitude": 0.8,
  "max_seq_length": 128,
  "method": "taa",
  "model": {
    "type": "Bert"
  },
  "n_aug": 1,
  "num_cpus": 40,
  "num_gpus": 1,
  "num_op": 2,
  "num_policy": 4,
  "num_search": 200,
  "per_device_eval_batch_size": 128,
  "per_device_train_batch_size": 16,
  "policy_0_0": 3,
  "policy_0_1": 1,
  "policy_1_0": 4,
  "policy_1_1": 0,
  "policy_2_0": 1,
  "policy_2_1": 3,
  "policy_3_0": 0,
  "policy_3_1": 0,
  "prob_0_0": 0.7922541621356745,
  "prob_0_1": 0.7761366597338091,
  "prob_1_0": 0.9990391880200753,
  "prob_1_1": 0.6730303673986296,
  "prob_2_0": 0.3927708161526864,
  "prob_2_1": 0.12039919838487156,
  "prob_3_0": 0.06933365227870947,
  "prob_3_1": 0.1268146499176478,
  "redis": "localhost:6379",
  "seed": 59,
  "smoke": {
    "test": false
  },
  "tag": "pretrained_trail1_train-npc1000_n-aug1",
  "test": {
    "npc": 30
  },
  "topN": 3,
  "trail": 1,
  "train": {
    "npc": 1000
  },
  "until": 5,
  "valid": {
    "npc": 30
  }
}