{
  "_version": 1,
  "abspath": "/home/jovyan/examples/examples/pytorch/text-autoaugment",
  "aug": null,
  "config": [
    "taa/confs/bert_sst2_example.yaml"
  ],
  "dataset": {
    "data_dir": null,
    "data_files": null,
    "name": "sst2",
    "path": "glue",
    "text_key": "sentence"
  },
  "epoch": 1,
  "ir": 0.02,
  "level_0_0": 0.4169937740427414,
  "level_0_1": 0.9372946880824815,
  "level_1_0": 0.8955808400938834,
  "level_1_1": 0.5347251115758314,
  "level_2_0": 0.20043205059997204,
  "level_2_1": 0.7023588010329466,
  "level_3_0": 0.7109222025559965,
  "level_3_1": 0.2025836278149501,
  "lr": "4e-5",
  "magnitude": 0.8,
  "max_seq_length": 128,
  "method": "taa",
  "model": {
    "type": "Bert"
  },
  "n_aug": 1,
  "num_cpus": 40,
  "num_gpus": 1,
  "num_op": 2,
  "num_policy": 4,
  "num_search": 200,
  "per_device_eval_batch_size": 128,
  "per_device_train_batch_size": 16,
  "policy_0_0": 1,
  "policy_0_1": 3,
  "policy_1_0": 4,
  "policy_1_1": 0,
  "policy_2_0": 0,
  "policy_2_1": 1,
  "policy_3_0": 3,
  "policy_3_1": 4,
  "prob_0_0": 0.5515728080250613,
  "prob_0_1": 0.9573092208680585,
  "prob_1_0": 0.27652303998543915,
  "prob_1_1": 0.7731140010438321,
  "prob_2_0": 0.8724440863730248,
  "prob_2_1": 0.09125908827465501,
  "prob_3_0": 0.7895327365519653,
  "prob_3_1": 0.7563864666128508,
  "redis": "localhost:6379",
  "seed": 59,
  "smoke": {
    "test": false
  },
  "tag": "pretrained_trail1_train-npc1000_n-aug1",
  "test": {
    "npc": 30
  },
  "topN": 3,
  "trail": 1,
  "train": {
    "npc": 1000
  },
  "until": 5,
  "valid": {
    "npc": 30
  }
}