{
  "_version": 1,
  "abspath": "/home/jovyan/examples/examples/pytorch/text-autoaugment",
  "aug": null,
  "config": [
    "taa/confs/bert_sst2_example.yaml"
  ],
  "dataset": {
    "data_dir": null,
    "data_files": null,
    "name": "sst2",
    "path": "glue",
    "text_key": "sentence"
  },
  "epoch": 10,
  "ir": 0.02,
  "level_0_0": 0.08893856691551993,
  "level_0_1": 0.43442115300486384,
  "level_1_0": 0.1031095709227361,
  "level_1_1": 0.1754736362001229,
  "level_2_0": 0.24260765467856693,
  "level_2_1": 0.865155889552364,
  "level_3_0": 0.9907809282376977,
  "level_3_1": 0.7915831581162074,
  "lr": "4e-5",
  "magnitude": 0.8,
  "max_seq_length": 128,
  "method": "taa",
  "model": {
    "type": "Bert"
  },
  "n_aug": 1,
  "num_cpus": 40,
  "num_gpus": 1,
  "num_op": 2,
  "num_policy": 4,
  "num_search": 200,
  "per_device_eval_batch_size": 128,
  "per_device_train_batch_size": 64,
  "policy_0_0": 2,
  "policy_0_1": 1,
  "policy_1_0": 4,
  "policy_1_1": 3,
  "policy_2_0": 0,
  "policy_2_1": 2,
  "policy_3_0": 1,
  "policy_3_1": 1,
  "prob_0_0": 0.6934684908153897,
  "prob_0_1": 0.12655494462994565,
  "prob_1_0": 0.5144492865101438,
  "prob_1_1": 0.8739318722892746,
  "prob_2_0": 0.4791723836505404,
  "prob_2_1": 0.3680596597353192,
  "prob_3_0": 0.20277552953543632,
  "prob_3_1": 0.3145720999200604,
  "redis": "localhost:6379",
  "seed": 59,
  "smoke": {
    "test": false
  },
  "tag": "pretrained_trail1_train-npc1000_n-aug1",
  "test": {
    "npc": 30
  },
  "topN": 3,
  "trail": 1,
  "train": {
    "npc": 1000
  },
  "until": 5,
  "valid": {
    "npc": 30
  }
}