{
  "_version": 1,
  "abspath": "~/examples/examples/pytorch/text-autoaugment",
  "aug": null,
  "config": [
    "taa/confs/bert_sst2_example.yaml"
  ],
  "dataset": {
    "data_dir": null,
    "data_files": null,
    "name": "sst2",
    "path": "glue",
    "text_key": "sentence"
  },
  "epoch": 10,
  "ir": 0.02,
  "level_0_0": 0.5215956305211057,
  "level_0_1": 0.36308218636112854,
  "level_1_0": 0.2138108782682724,
  "level_1_1": 0.5859988240433025,
  "level_2_0": 0.3847326232178113,
  "level_2_1": 0.4945550555299293,
  "level_3_0": 0.951527798577478,
  "level_3_1": 0.3803294542649659,
  "lr": "4e-5",
  "magnitude": 0.8,
  "max_seq_length": 128,
  "method": "taa",
  "model": {
    "type": "Bert"
  },
  "n_aug": 1,
  "num_cpus": 40,
  "num_gpus": 1,
  "num_op": 2,
  "num_policy": 4,
  "num_search": 200,
  "per_device_eval_batch_size": 128,
  "per_device_train_batch_size": 64,
  "policy_0_0": 4,
  "policy_0_1": 0,
  "policy_1_0": 1,
  "policy_1_1": 0,
  "policy_2_0": 0,
  "policy_2_1": 2,
  "policy_3_0": 0,
  "policy_3_1": 1,
  "prob_0_0": 0.0966780222183331,
  "prob_0_1": 0.2639577036317855,
  "prob_1_0": 0.6122551029140724,
  "prob_1_1": 0.27776744155930577,
  "prob_2_0": 0.46572094502606465,
  "prob_2_1": 0.2184906833412168,
  "prob_3_0": 0.7228595645678801,
  "prob_3_1": 0.27462778243250097,
  "redis": "localhost:6379",
  "seed": 59,
  "smoke": {
    "test": false
  },
  "tag": "pretrained_trail1_train-npc1000_n-aug1",
  "test": {
    "npc": 30
  },
  "topN": 3,
  "trail": 1,
  "train": {
    "npc": 1000
  },
  "until": 5,
  "valid": {
    "npc": 30
  }
}