{
  "_version": 1,
  "abspath": "/home/jovyan/examples/examples/pytorch/text-autoaugment",
  "aug": null,
  "config": [
    "taa/confs/bert_sst2_example.yaml"
  ],
  "dataset": {
    "data_dir": null,
    "data_files": null,
    "name": "sst2",
    "path": "glue",
    "text_key": "sentence"
  },
  "epoch": 1,
  "ir": 0.02,
  "level_0_0": 0.9806642135785578,
  "level_0_1": 0.7374404774919131,
  "level_1_0": 0.9402191716785115,
  "level_1_1": 0.5264662940571009,
  "level_2_0": 0.2540934871850745,
  "level_2_1": 0.8544447048886029,
  "level_3_0": 0.7647092334384742,
  "level_3_1": 0.6941254667761103,
  "lr": "4e-5",
  "magnitude": 0.8,
  "max_seq_length": 128,
  "method": "taa",
  "model": {
    "type": "Bert"
  },
  "n_aug": 1,
  "num_cpus": 40,
  "num_gpus": 1,
  "num_op": 2,
  "num_policy": 4,
  "num_search": 200,
  "per_device_eval_batch_size": 128,
  "per_device_train_batch_size": 16,
  "policy_0_0": 3,
  "policy_0_1": 0,
  "policy_1_0": 2,
  "policy_1_1": 4,
  "policy_2_0": 4,
  "policy_2_1": 3,
  "policy_3_0": 4,
  "policy_3_1": 3,
  "prob_0_0": 0.6981896091269002,
  "prob_0_1": 0.6831336332780752,
  "prob_1_0": 0.5768583629416401,
  "prob_1_1": 0.3797109067360711,
  "prob_2_0": 0.6533897225639066,
  "prob_2_1": 0.7185777934871662,
  "prob_3_0": 0.5477129655686285,
  "prob_3_1": 0.5179640594312863,
  "redis": "localhost:6379",
  "seed": 59,
  "smoke": {
    "test": false
  },
  "tag": "pretrained_trail1_train-npc1000_n-aug1",
  "test": {
    "npc": 30
  },
  "topN": 3,
  "trail": 1,
  "train": {
    "npc": 1000
  },
  "until": 5,
  "valid": {
    "npc": 30
  }
}