{
  "_version": 1,
  "abspath": "/home/jovyan/examples/examples/pytorch/text-autoaugment",
  "aug": null,
  "config": [
    "taa/confs/bert_sst2_example.yaml"
  ],
  "dataset": {
    "data_dir": null,
    "data_files": null,
    "name": "sst2",
    "path": "glue",
    "text_key": "sentence"
  },
  "epoch": 1,
  "ir": 0.02,
  "level_0_0": 0.3597912027318704,
  "level_0_1": 0.3165993985495963,
  "level_1_0": 0.27551910817045866,
  "level_1_1": 0.18808495046935003,
  "level_2_0": 0.8651939670560936,
  "level_2_1": 0.46731209347953007,
  "level_3_0": 0.980092218801673,
  "level_3_1": 0.7562314900570867,
  "lr": "4e-5",
  "magnitude": 0.8,
  "max_seq_length": 128,
  "method": "taa",
  "model": {
    "type": "Bert"
  },
  "n_aug": 1,
  "num_cpus": 40,
  "num_gpus": 1,
  "num_op": 2,
  "num_policy": 4,
  "num_search": 200,
  "per_device_eval_batch_size": 128,
  "per_device_train_batch_size": 16,
  "policy_0_0": 3,
  "policy_0_1": 4,
  "policy_1_0": 0,
  "policy_1_1": 2,
  "policy_2_0": 1,
  "policy_2_1": 4,
  "policy_3_0": 0,
  "policy_3_1": 3,
  "prob_0_0": 0.20143419790792594,
  "prob_0_1": 0.977354607623342,
  "prob_1_0": 0.25905746095442195,
  "prob_1_1": 0.4360233728987254,
  "prob_2_0": 0.5234570809266038,
  "prob_2_1": 0.5966139947610491,
  "prob_3_0": 0.2694318972625275,
  "prob_3_1": 0.03610980326116131,
  "redis": "localhost:6379",
  "seed": 59,
  "smoke": {
    "test": false
  },
  "tag": "pretrained_trail1_train-npc1000_n-aug1",
  "test": {
    "npc": 30
  },
  "topN": 3,
  "trail": 1,
  "train": {
    "npc": 1000
  },
  "until": 5,
  "valid": {
    "npc": 30
  }
}