{
  "_version": 1,
  "abspath": "/home/jovyan/examples/examples/pytorch/text-autoaugment",
  "aug": null,
  "config": [
    "taa/confs/bert_sst2_example.yaml"
  ],
  "dataset": {
    "data_dir": null,
    "data_files": null,
    "name": "sst2",
    "path": "glue",
    "text_key": "sentence"
  },
  "epoch": 1,
  "ir": 0.02,
  "level_0_0": 0.27463323643334636,
  "level_0_1": 0.5590069435460167,
  "level_1_0": 0.92909814317789,
  "level_1_1": 0.38557383264270495,
  "level_2_0": 0.8103735002811685,
  "level_2_1": 0.5947540018077111,
  "level_3_0": 0.5991347665007695,
  "level_3_1": 0.5852537141764427,
  "lr": "4e-5",
  "magnitude": 0.8,
  "max_seq_length": 128,
  "method": "taa",
  "model": {
    "type": "Bert"
  },
  "n_aug": 1,
  "num_cpus": 40,
  "num_gpus": 1,
  "num_op": 2,
  "num_policy": 4,
  "num_search": 200,
  "per_device_eval_batch_size": 128,
  "per_device_train_batch_size": 16,
  "policy_0_0": 4,
  "policy_0_1": 4,
  "policy_1_0": 4,
  "policy_1_1": 4,
  "policy_2_0": 1,
  "policy_2_1": 3,
  "policy_3_0": 4,
  "policy_3_1": 4,
  "prob_0_0": 0.278890364129204,
  "prob_0_1": 0.3756121715097227,
  "prob_1_0": 0.610532169527103,
  "prob_1_1": 0.523164674789445,
  "prob_2_0": 0.37687179267907733,
  "prob_2_1": 0.13847026637153292,
  "prob_3_0": 0.508901414907822,
  "prob_3_1": 0.4858578854249559,
  "redis": "localhost:6379",
  "seed": 59,
  "smoke": {
    "test": false
  },
  "tag": "pretrained_trail1_train-npc1000_n-aug1",
  "test": {
    "npc": 30
  },
  "topN": 3,
  "trail": 1,
  "train": {
    "npc": 1000
  },
  "until": 5,
  "valid": {
    "npc": 30
  }
}