{
  "_version": 1,
  "abspath": "/home/jovyan/examples/examples/pytorch/text-autoaugment",
  "aug": null,
  "config": [
    "taa/confs/bert_sst2_example.yaml"
  ],
  "dataset": {
    "data_dir": null,
    "data_files": null,
    "name": "sst2",
    "path": "glue",
    "text_key": "sentence"
  },
  "epoch": 1,
  "ir": 0.02,
  "level_0_0": 0.18836019924552905,
  "level_0_1": 0.7708130665337442,
  "level_1_0": 0.32670410437318653,
  "level_1_1": 0.8041199870541563,
  "level_2_0": 0.8058842029814722,
  "level_2_1": 0.815433563463975,
  "level_3_0": 0.5504428456281284,
  "level_3_1": 0.26946069420908014,
  "lr": "4e-5",
  "magnitude": 0.8,
  "max_seq_length": 128,
  "method": "taa",
  "model": {
    "type": "Bert"
  },
  "n_aug": 1,
  "num_cpus": 40,
  "num_gpus": 1,
  "num_op": 2,
  "num_policy": 4,
  "num_search": 200,
  "per_device_eval_batch_size": 128,
  "per_device_train_batch_size": 16,
  "policy_0_0": 2,
  "policy_0_1": 3,
  "policy_1_0": 4,
  "policy_1_1": 2,
  "policy_2_0": 4,
  "policy_2_1": 2,
  "policy_3_0": 3,
  "policy_3_1": 2,
  "prob_0_0": 0.005156553164336941,
  "prob_0_1": 0.8588976809370507,
  "prob_1_0": 0.9173261503460021,
  "prob_1_1": 0.4178768868916364,
  "prob_2_0": 0.31947961669725267,
  "prob_2_1": 0.17005260648288556,
  "prob_3_0": 0.7350335452497663,
  "prob_3_1": 0.2587363131732442,
  "redis": "localhost:6379",
  "seed": 59,
  "smoke": {
    "test": false
  },
  "tag": "pretrained_trail1_train-npc1000_n-aug1",
  "test": {
    "npc": 30
  },
  "topN": 3,
  "trail": 1,
  "train": {
    "npc": 1000
  },
  "until": 5,
  "valid": {
    "npc": 30
  }
}