{
  "_version": 1,
  "abspath": "/home/jovyan/examples/examples/pytorch/text-autoaugment",
  "aug": null,
  "config": [
    "taa/confs/bert_sst2_example.yaml"
  ],
  "dataset": {
    "data_dir": null,
    "data_files": null,
    "name": "sst2",
    "path": "glue",
    "text_key": "sentence"
  },
  "epoch": 1,
  "ir": 0.02,
  "level_0_0": 0.8550721710244966,
  "level_0_1": 0.8422845253786055,
  "level_1_0": 0.6868073826392816,
  "level_1_1": 0.1657555261543774,
  "level_2_0": 0.06987548779297148,
  "level_2_1": 0.11632116745506849,
  "level_3_0": 0.8298778203707716,
  "level_3_1": 0.1137140628999882,
  "lr": "4e-5",
  "magnitude": 0.8,
  "max_seq_length": 128,
  "method": "taa",
  "model": {
    "type": "Bert"
  },
  "n_aug": 1,
  "num_cpus": 40,
  "num_gpus": 1,
  "num_op": 2,
  "num_policy": 4,
  "num_search": 200,
  "per_device_eval_batch_size": 128,
  "per_device_train_batch_size": 16,
  "policy_0_0": 3,
  "policy_0_1": 1,
  "policy_1_0": 0,
  "policy_1_1": 1,
  "policy_2_0": 2,
  "policy_2_1": 3,
  "policy_3_0": 3,
  "policy_3_1": 4,
  "prob_0_0": 0.3014037920120859,
  "prob_0_1": 0.529557762230337,
  "prob_1_0": 0.40037402048488124,
  "prob_1_1": 0.11551041456298894,
  "prob_2_0": 0.15060597631679662,
  "prob_2_1": 0.8462484982133109,
  "prob_3_0": 0.4141613246005251,
  "prob_3_1": 0.9142086305988674,
  "redis": "localhost:6379",
  "seed": 59,
  "smoke": {
    "test": false
  },
  "tag": "pretrained_trail1_train-npc1000_n-aug1",
  "test": {
    "npc": 30
  },
  "topN": 3,
  "trail": 1,
  "train": {
    "npc": 1000
  },
  "until": 5,
  "valid": {
    "npc": 30
  }
}