{
  "_version": 1,
  "abspath": "/home/jovyan/examples/examples/pytorch/text-autoaugment",
  "aug": null,
  "config": [
    "taa/confs/bert_sst2_example.yaml"
  ],
  "dataset": {
    "data_dir": null,
    "data_files": null,
    "name": "sst2",
    "path": "glue",
    "text_key": "sentence"
  },
  "epoch": 10,
  "ir": 0.02,
  "level_0_0": 0.231223261239499,
  "level_0_1": 0.9649819008673707,
  "level_1_0": 0.024600524119688494,
  "level_1_1": 0.6833045551418825,
  "level_2_0": 0.7854249889538875,
  "level_2_1": 0.65652913150534,
  "level_3_0": 0.15276091122570046,
  "level_3_1": 0.6682237076657811,
  "lr": "4e-5",
  "magnitude": 0.8,
  "max_seq_length": 128,
  "method": "taa",
  "model": {
    "type": "Bert"
  },
  "n_aug": 1,
  "num_cpus": 40,
  "num_gpus": 1,
  "num_op": 2,
  "num_policy": 4,
  "num_search": 200,
  "per_device_eval_batch_size": 128,
  "per_device_train_batch_size": 64,
  "policy_0_0": 2,
  "policy_0_1": 3,
  "policy_1_0": 0,
  "policy_1_1": 2,
  "policy_2_0": 4,
  "policy_2_1": 3,
  "policy_3_0": 2,
  "policy_3_1": 2,
  "prob_0_0": 0.5484069865508182,
  "prob_0_1": 0.8512211565138172,
  "prob_1_0": 0.33251599677056876,
  "prob_1_1": 0.09488568619825366,
  "prob_2_0": 0.013263741911490823,
  "prob_2_1": 0.026870633439822877,
  "prob_3_0": 0.09846072232429204,
  "prob_3_1": 0.6647096735197406,
  "redis": "localhost:6379",
  "seed": 59,
  "smoke": {
    "test": false
  },
  "tag": "pretrained_trail1_train-npc1000_n-aug1",
  "test": {
    "npc": 30
  },
  "topN": 3,
  "trail": 1,
  "train": {
    "npc": 1000
  },
  "until": 5,
  "valid": {
    "npc": 30
  }
}