{
  "_version": 1,
  "abspath": "/home/jovyan/examples/examples/pytorch/text-autoaugment",
  "aug": null,
  "config": [
    "taa/confs/bert_sst2_example.yaml"
  ],
  "dataset": {
    "data_dir": null,
    "data_files": null,
    "name": "sst2",
    "path": "glue",
    "text_key": "sentence"
  },
  "epoch": 1,
  "ir": 0.02,
  "level_0_0": 0.18198833875386033,
  "level_0_1": 0.33946870077057967,
  "level_1_0": 0.3749950019367271,
  "level_1_1": 0.5382494156934101,
  "level_2_0": 0.3401693825810371,
  "level_2_1": 0.7704405349864413,
  "level_3_0": 0.8786553132222029,
  "level_3_1": 0.5645661876300955,
  "lr": "4e-5",
  "magnitude": 0.8,
  "max_seq_length": 128,
  "method": "taa",
  "model": {
    "type": "Bert"
  },
  "n_aug": 1,
  "num_cpus": 40,
  "num_gpus": 1,
  "num_op": 2,
  "num_policy": 4,
  "num_search": 200,
  "per_device_eval_batch_size": 128,
  "per_device_train_batch_size": 16,
  "policy_0_0": 3,
  "policy_0_1": 3,
  "policy_1_0": 2,
  "policy_1_1": 0,
  "policy_2_0": 0,
  "policy_2_1": 0,
  "policy_3_0": 3,
  "policy_3_1": 1,
  "prob_0_0": 0.0751650287000345,
  "prob_0_1": 0.458974508930168,
  "prob_1_0": 0.42256358746721867,
  "prob_1_1": 0.06477584605893194,
  "prob_2_0": 0.35765773312635585,
  "prob_2_1": 0.6635590995390733,
  "prob_3_0": 0.8359931031224238,
  "prob_3_1": 0.6858853657794218,
  "redis": "localhost:6379",
  "seed": 59,
  "smoke": {
    "test": false
  },
  "tag": "pretrained_trail1_train-npc1000_n-aug1",
  "test": {
    "npc": 30
  },
  "topN": 3,
  "trail": 1,
  "train": {
    "npc": 1000
  },
  "until": 5,
  "valid": {
    "npc": 30
  }
}