{
  "_version": 1,
  "abspath": "/home/jovyan/examples/examples/pytorch/text-autoaugment",
  "aug": null,
  "config": [
    "taa/confs/bert_sst2_example.yaml"
  ],
  "dataset": {
    "data_dir": null,
    "data_files": null,
    "name": "sst2",
    "path": "glue",
    "text_key": "sentence"
  },
  "epoch": 1,
  "ir": 0.02,
  "level_0_0": 0.6167087398725196,
  "level_0_1": 0.5119951711757847,
  "level_1_0": 0.1691403407888702,
  "level_1_1": 0.17249033327775276,
  "level_2_0": 0.515399016410306,
  "level_2_1": 0.3828787403749657,
  "level_3_0": 0.926633966013642,
  "level_3_1": 0.81163752759393,
  "lr": "4e-5",
  "magnitude": 0.8,
  "max_seq_length": 128,
  "method": "taa",
  "model": {
    "type": "Bert"
  },
  "n_aug": 1,
  "num_cpus": 40,
  "num_gpus": 1,
  "num_op": 2,
  "num_policy": 4,
  "num_search": 200,
  "per_device_eval_batch_size": 128,
  "per_device_train_batch_size": 16,
  "policy_0_0": 4,
  "policy_0_1": 1,
  "policy_1_0": 3,
  "policy_1_1": 2,
  "policy_2_0": 1,
  "policy_2_1": 3,
  "policy_3_0": 1,
  "policy_3_1": 1,
  "prob_0_0": 0.5788227430515442,
  "prob_0_1": 0.9885327316867338,
  "prob_1_0": 0.16872439540918927,
  "prob_1_1": 0.3791882030491456,
  "prob_2_0": 0.032815622987406146,
  "prob_2_1": 0.5584043014921684,
  "prob_3_0": 0.8488210979564685,
  "prob_3_1": 0.1591311659645196,
  "redis": "localhost:6379",
  "seed": 59,
  "smoke": {
    "test": false
  },
  "tag": "pretrained_trail1_train-npc1000_n-aug1",
  "test": {
    "npc": 30
  },
  "topN": 3,
  "trail": 1,
  "train": {
    "npc": 1000
  },
  "until": 5,
  "valid": {
    "npc": 30
  }
}