{
  "_version": 1,
  "abspath": "/home/jovyan/examples/examples/pytorch/text-autoaugment",
  "aug": null,
  "config": [
    "taa/confs/bert_sst2_example.yaml"
  ],
  "dataset": {
    "data_dir": null,
    "data_files": null,
    "name": "sst2",
    "path": "glue",
    "text_key": "sentence"
  },
  "epoch": 1,
  "ir": 0.02,
  "level_0_0": 0.21576793626622692,
  "level_0_1": 0.9455590943494505,
  "level_1_0": 0.07061066095488966,
  "level_1_1": 0.9724170720829465,
  "level_2_0": 0.41898367748622023,
  "level_2_1": 0.8690299856578819,
  "level_3_0": 0.1701408776222576,
  "level_3_1": 0.9997807042561734,
  "lr": "4e-5",
  "magnitude": 0.8,
  "max_seq_length": 128,
  "method": "taa",
  "model": {
    "type": "Bert"
  },
  "n_aug": 1,
  "num_cpus": 40,
  "num_gpus": 1,
  "num_op": 2,
  "num_policy": 4,
  "num_search": 200,
  "per_device_eval_batch_size": 128,
  "per_device_train_batch_size": 16,
  "policy_0_0": 3,
  "policy_0_1": 1,
  "policy_1_0": 4,
  "policy_1_1": 1,
  "policy_2_0": 0,
  "policy_2_1": 3,
  "policy_3_0": 0,
  "policy_3_1": 3,
  "prob_0_0": 0.19721159058279714,
  "prob_0_1": 0.6715803346137694,
  "prob_1_0": 0.488493380848675,
  "prob_1_1": 0.4452060566498164,
  "prob_2_0": 0.14609932554640725,
  "prob_2_1": 0.17054953906847514,
  "prob_3_0": 0.36710704150387385,
  "prob_3_1": 0.3211982081719392,
  "redis": "localhost:6379",
  "seed": 59,
  "smoke": {
    "test": false
  },
  "tag": "pretrained_trail1_train-npc1000_n-aug1",
  "test": {
    "npc": 30
  },
  "topN": 3,
  "trail": 1,
  "train": {
    "npc": 1000
  },
  "until": 5,
  "valid": {
    "npc": 30
  }
}