{
  "_version": 1,
  "abspath": "~/examples/examples/pytorch/text-autoaugment/taa",
  "aug": null,
  "config": [
    "taa/confs/bert_sst2_example.yaml"
  ],
  "dataset": {
    "data_dir": null,
    "data_files": null,
    "name": "sst2",
    "path": "glue",
    "text_key": "sentence"
  },
  "epoch": 10,
  "ir": 0.02,
  "level_0_0": 0.667598582967043,
  "level_0_1": 0.31778752834125035,
  "level_1_0": 0.15589647369223003,
  "level_1_1": 0.8456546242386114,
  "level_2_0": 0.44520156133275046,
  "level_2_1": 0.2880878147327497,
  "level_3_0": 0.2091688964556465,
  "level_3_1": 0.5402242483813758,
  "lr": "4e-5",
  "magnitude": 0.8,
  "max_seq_length": 128,
  "method": "taa",
  "model": {
    "type": "Bert"
  },
  "n_aug": 1,
  "num_cpus": 40,
  "num_gpus": 1,
  "num_op": 2,
  "num_policy": 4,
  "num_search": 200,
  "per_device_eval_batch_size": 128,
  "per_device_train_batch_size": 64,
  "policy_0_0": 2,
  "policy_0_1": 1,
  "policy_1_0": 2,
  "policy_1_1": 4,
  "policy_2_0": 1,
  "policy_2_1": 4,
  "policy_3_0": 0,
  "policy_3_1": 2,
  "prob_0_0": 0.8105005224900069,
  "prob_0_1": 0.45905230392935836,
  "prob_1_0": 0.7507430741304422,
  "prob_1_1": 0.17673092176100724,
  "prob_2_0": 0.684785148214452,
  "prob_2_1": 0.2781715389718562,
  "prob_3_0": 0.7713460705529752,
  "prob_3_1": 0.353498797258209,
  "redis": "localhost:6379",
  "seed": 59,
  "smoke": {
    "test": false
  },
  "tag": "pretrained_trail1_train-npc1000_n-aug1",
  "test": {
    "npc": 30
  },
  "topN": 3,
  "trail": 1,
  "train": {
    "npc": 1000
  },
  "until": 5,
  "valid": {
    "npc": 30
  }
}