{
  "_version": 1,
  "abspath": "~/examples/examples/pytorch/text-autoaugment/taa",
  "aug": null,
  "config": [
    "taa/confs/bert_sst2_example.yaml"
  ],
  "dataset": {
    "data_dir": null,
    "data_files": null,
    "name": "sst2",
    "path": "glue",
    "text_key": "sentence"
  },
  "epoch": 10,
  "ir": 0.02,
  "level_0_0": 0.34462623421786476,
  "level_0_1": 0.8213305856111551,
  "level_1_0": 0.4534887428273008,
  "level_1_1": 0.3208866740339119,
  "level_2_0": 0.5074554550333011,
  "level_2_1": 0.09786656154363405,
  "level_3_0": 0.6196898068628504,
  "level_3_1": 0.8713466686586517,
  "lr": "4e-5",
  "magnitude": 0.8,
  "max_seq_length": 128,
  "method": "taa",
  "model": {
    "type": "Bert"
  },
  "n_aug": 1,
  "num_cpus": 40,
  "num_gpus": 1,
  "num_op": 2,
  "num_policy": 4,
  "num_search": 200,
  "per_device_eval_batch_size": 128,
  "per_device_train_batch_size": 64,
  "policy_0_0": 0,
  "policy_0_1": 0,
  "policy_1_0": 3,
  "policy_1_1": 3,
  "policy_2_0": 0,
  "policy_2_1": 3,
  "policy_3_0": 0,
  "policy_3_1": 3,
  "prob_0_0": 0.6411374343783057,
  "prob_0_1": 0.19144056984989866,
  "prob_1_0": 0.6977157704803889,
  "prob_1_1": 0.7980562268467901,
  "prob_2_0": 0.25292920552589016,
  "prob_2_1": 0.8699756368592741,
  "prob_3_0": 0.5446365728901041,
  "prob_3_1": 0.16627966725456056,
  "redis": "localhost:6379",
  "seed": 59,
  "smoke": {
    "test": false
  },
  "tag": "pretrained_trail1_train-npc1000_n-aug1",
  "test": {
    "npc": 30
  },
  "topN": 3,
  "trail": 1,
  "train": {
    "npc": 1000
  },
  "until": 5,
  "valid": {
    "npc": 30
  }
}