{
  "_version": 1,
  "abspath": "~/examples/examples/pytorch/text-autoaugment",
  "aug": null,
  "config": [
    "taa/confs/bert_sst2_example.yaml"
  ],
  "dataset": {
    "data_dir": null,
    "data_files": null,
    "name": "sst2",
    "path": "glue",
    "text_key": "sentence"
  },
  "epoch": 10,
  "ir": 0.02,
  "level_0_0": 0.3541623582212977,
  "level_0_1": 0.03132915641877554,
  "level_1_0": 0.3214145651612107,
  "level_1_1": 0.9380596455403484,
  "level_2_0": 0.058131731931005404,
  "level_2_1": 0.7556189972555252,
  "level_3_0": 0.535693856069507,
  "level_3_1": 0.8446718717326661,
  "lr": "4e-5",
  "magnitude": 0.8,
  "max_seq_length": 128,
  "method": "taa",
  "model": {
    "type": "Bert"
  },
  "n_aug": 1,
  "num_cpus": 40,
  "num_gpus": 1,
  "num_op": 2,
  "num_policy": 4,
  "num_search": 200,
  "per_device_eval_batch_size": 128,
  "per_device_train_batch_size": 64,
  "policy_0_0": 3,
  "policy_0_1": 1,
  "policy_1_0": 2,
  "policy_1_1": 3,
  "policy_2_0": 1,
  "policy_2_1": 1,
  "policy_3_0": 4,
  "policy_3_1": 2,
  "prob_0_0": 0.29833864673103927,
  "prob_0_1": 0.24815779532200877,
  "prob_1_0": 0.8421820247201065,
  "prob_1_1": 0.41064098740523247,
  "prob_2_0": 0.007716194364560169,
  "prob_2_1": 0.5826851271370934,
  "prob_3_0": 0.5405486335498878,
  "prob_3_1": 0.8192945617993427,
  "redis": "localhost:6379",
  "seed": 59,
  "smoke": {
    "test": false
  },
  "tag": "pretrained_trail1_train-npc1000_n-aug1",
  "test": {
    "npc": 30
  },
  "topN": 3,
  "trail": 1,
  "train": {
    "npc": 1000
  },
  "until": 5,
  "valid": {
    "npc": 30
  }
}