{
  "_version": 1,
  "abspath": "/home/jovyan/examples/examples/pytorch/text-autoaugment",
  "aug": null,
  "config": [
    "taa/confs/bert_sst2_example.yaml"
  ],
  "dataset": {
    "data_dir": null,
    "data_files": null,
    "name": "sst2",
    "path": "glue",
    "text_key": "sentence"
  },
  "epoch": 1,
  "ir": 0.02,
  "level_0_0": 0.4683571322796165,
  "level_0_1": 0.8330403179905634,
  "level_1_0": 0.4682995068894462,
  "level_1_1": 0.01434739557142628,
  "level_2_0": 0.5473385112806296,
  "level_2_1": 0.4560510188689515,
  "level_3_0": 0.21144183036746367,
  "level_3_1": 0.617615270720189,
  "lr": "4e-5",
  "magnitude": 0.8,
  "max_seq_length": 128,
  "method": "taa",
  "model": {
    "type": "Bert"
  },
  "n_aug": 1,
  "num_cpus": 40,
  "num_gpus": 1,
  "num_op": 2,
  "num_policy": 4,
  "num_search": 200,
  "per_device_eval_batch_size": 128,
  "per_device_train_batch_size": 16,
  "policy_0_0": 1,
  "policy_0_1": 2,
  "policy_1_0": 4,
  "policy_1_1": 3,
  "policy_2_0": 2,
  "policy_2_1": 2,
  "policy_3_0": 0,
  "policy_3_1": 3,
  "prob_0_0": 0.5153862750068129,
  "prob_0_1": 0.9594661383780829,
  "prob_1_0": 0.3094949913940286,
  "prob_1_1": 0.9876491834473369,
  "prob_2_0": 0.12294425950860932,
  "prob_2_1": 0.6012679942797824,
  "prob_3_0": 0.9794827497180812,
  "prob_3_1": 0.5158585527675947,
  "redis": "localhost:6379",
  "seed": 59,
  "smoke": {
    "test": false
  },
  "tag": "pretrained_trail1_train-npc1000_n-aug1",
  "test": {
    "npc": 30
  },
  "topN": 3,
  "trail": 1,
  "train": {
    "npc": 1000
  },
  "until": 5,
  "valid": {
    "npc": 30
  }
}