{
  "_version": 1,
  "abspath": "/home/jovyan/examples/examples/pytorch/text-autoaugment",
  "aug": null,
  "config": [
    "taa/confs/bert_sst2_example.yaml"
  ],
  "dataset": {
    "data_dir": null,
    "data_files": null,
    "name": "sst2",
    "path": "glue",
    "text_key": "sentence"
  },
  "epoch": 1,
  "ir": 0.02,
  "level_0_0": 0.4344883291436903,
  "level_0_1": 0.43301195585970476,
  "level_1_0": 0.8538704783611174,
  "level_1_1": 0.17015752215357716,
  "level_2_0": 0.06551004358946899,
  "level_2_1": 0.6383478402570143,
  "level_3_0": 0.1287636256034248,
  "level_3_1": 0.12927937234179943,
  "lr": "4e-5",
  "magnitude": 0.8,
  "max_seq_length": 128,
  "method": "taa",
  "model": {
    "type": "Bert"
  },
  "n_aug": 1,
  "num_cpus": 40,
  "num_gpus": 1,
  "num_op": 2,
  "num_policy": 4,
  "num_search": 200,
  "per_device_eval_batch_size": 128,
  "per_device_train_batch_size": 16,
  "policy_0_0": 2,
  "policy_0_1": 3,
  "policy_1_0": 4,
  "policy_1_1": 0,
  "policy_2_0": 4,
  "policy_2_1": 2,
  "policy_3_0": 3,
  "policy_3_1": 3,
  "prob_0_0": 0.39579236525525485,
  "prob_0_1": 0.7819646164280228,
  "prob_1_0": 0.2722553560733546,
  "prob_1_1": 0.831448479695544,
  "prob_2_0": 0.15579957222465357,
  "prob_2_1": 0.7619435649671323,
  "prob_3_0": 0.4542397348316839,
  "prob_3_1": 0.09318529825042676,
  "redis": "localhost:6379",
  "seed": 59,
  "smoke": {
    "test": false
  },
  "tag": "pretrained_trail1_train-npc1000_n-aug1",
  "test": {
    "npc": 30
  },
  "topN": 3,
  "trail": 1,
  "train": {
    "npc": 1000
  },
  "until": 5,
  "valid": {
    "npc": 30
  }
}