{
  "_version": 1,
  "abspath": "/home/jovyan/examples/examples/pytorch/text-autoaugment",
  "aug": null,
  "config": [
    "taa/confs/bert_sst2_example.yaml"
  ],
  "dataset": {
    "data_dir": null,
    "data_files": null,
    "name": "sst2",
    "path": "glue",
    "text_key": "sentence"
  },
  "epoch": 10,
  "ir": 0.02,
  "level_0_0": 0.18508646022540953,
  "level_0_1": 0.4421112488912464,
  "level_1_0": 0.7926905707010826,
  "level_1_1": 0.9612789158990881,
  "level_2_0": 0.6854486917515084,
  "level_2_1": 0.6167048294417367,
  "level_3_0": 0.488252503655375,
  "level_3_1": 0.4608153488438702,
  "lr": "4e-5",
  "magnitude": 0.8,
  "max_seq_length": 128,
  "method": "taa",
  "model": {
    "type": "Bert"
  },
  "n_aug": 1,
  "num_cpus": 40,
  "num_gpus": 1,
  "num_op": 2,
  "num_policy": 4,
  "num_search": 200,
  "per_device_eval_batch_size": 128,
  "per_device_train_batch_size": 64,
  "policy_0_0": 2,
  "policy_0_1": 4,
  "policy_1_0": 4,
  "policy_1_1": 3,
  "policy_2_0": 4,
  "policy_2_1": 2,
  "policy_3_0": 2,
  "policy_3_1": 2,
  "prob_0_0": 0.17674703083494114,
  "prob_0_1": 0.1256585217349574,
  "prob_1_0": 0.25176226253772693,
  "prob_1_1": 0.63285576531767,
  "prob_2_0": 0.4955747056537003,
  "prob_2_1": 0.1296299802246218,
  "prob_3_0": 0.11779095887514834,
  "prob_3_1": 0.5040288108870711,
  "redis": "localhost:6379",
  "seed": 59,
  "smoke": {
    "test": false
  },
  "tag": "pretrained_trail1_train-npc1000_n-aug1",
  "test": {
    "npc": 30
  },
  "topN": 3,
  "trail": 1,
  "train": {
    "npc": 1000
  },
  "until": 5,
  "valid": {
    "npc": 30
  }
}