{
  "_version": 1,
  "abspath": "/home/jovyan/examples/examples/pytorch/text-autoaugment",
  "aug": null,
  "config": [
    "taa/confs/bert_sst2_example.yaml"
  ],
  "dataset": {
    "data_dir": null,
    "data_files": null,
    "name": "sst2",
    "path": "glue",
    "text_key": "sentence"
  },
  "epoch": 10,
  "ir": 0.02,
  "level_0_0": 0.39199636327084353,
  "level_0_1": 0.2546940390690192,
  "level_1_0": 0.8492174280738046,
  "level_1_1": 0.6900144006445642,
  "level_2_0": 0.8001014864130879,
  "level_2_1": 0.4853655991552174,
  "level_3_0": 0.19439939665015293,
  "level_3_1": 0.5102338051041553,
  "lr": "4e-5",
  "magnitude": 0.8,
  "max_seq_length": 128,
  "method": "taa",
  "model": {
    "type": "Bert"
  },
  "n_aug": 1,
  "num_cpus": 40,
  "num_gpus": 1,
  "num_op": 2,
  "num_policy": 4,
  "num_search": 200,
  "per_device_eval_batch_size": 128,
  "per_device_train_batch_size": 64,
  "policy_0_0": 4,
  "policy_0_1": 2,
  "policy_1_0": 0,
  "policy_1_1": 1,
  "policy_2_0": 1,
  "policy_2_1": 2,
  "policy_3_0": 1,
  "policy_3_1": 1,
  "prob_0_0": 0.22750815082750864,
  "prob_0_1": 0.09008333974336258,
  "prob_1_0": 0.5778595919889822,
  "prob_1_1": 0.9965589581754364,
  "prob_2_0": 0.6526570546162425,
  "prob_2_1": 0.2922935605794085,
  "prob_3_0": 0.19326448281228792,
  "prob_3_1": 0.16348351930876837,
  "redis": "localhost:6379",
  "seed": 59,
  "smoke": {
    "test": false
  },
  "tag": "pretrained_trail1_train-npc1000_n-aug1",
  "test": {
    "npc": 30
  },
  "topN": 3,
  "trail": 1,
  "train": {
    "npc": 1000
  },
  "until": 5,
  "valid": {
    "npc": 30
  }
}