{
  "_version": 1,
  "abspath": "/home/jovyan/examples/examples/pytorch/text-autoaugment",
  "aug": null,
  "config": [
    "taa/confs/bert_sst2_example.yaml"
  ],
  "dataset": {
    "data_dir": null,
    "data_files": null,
    "name": "sst2",
    "path": "glue",
    "text_key": "sentence"
  },
  "epoch": 10,
  "ir": 0.02,
  "level_0_0": 0.43125092693175093,
  "level_0_1": 0.3041951639682188,
  "level_1_0": 0.8545128589665244,
  "level_1_1": 0.3085204831166052,
  "level_2_0": 0.45872433865955575,
  "level_2_1": 0.5205483724454057,
  "level_3_0": 0.2575392963441724,
  "level_3_1": 0.9062518167421063,
  "lr": "4e-5",
  "magnitude": 0.8,
  "max_seq_length": 128,
  "method": "taa",
  "model": {
    "type": "Bert"
  },
  "n_aug": 1,
  "num_cpus": 40,
  "num_gpus": 1,
  "num_op": 2,
  "num_policy": 4,
  "num_search": 200,
  "per_device_eval_batch_size": 128,
  "per_device_train_batch_size": 64,
  "policy_0_0": 3,
  "policy_0_1": 1,
  "policy_1_0": 4,
  "policy_1_1": 2,
  "policy_2_0": 0,
  "policy_2_1": 4,
  "policy_3_0": 1,
  "policy_3_1": 4,
  "prob_0_0": 0.21058631356659663,
  "prob_0_1": 0.3117076709076181,
  "prob_1_0": 0.7032606451128554,
  "prob_1_1": 0.5547929200082173,
  "prob_2_0": 0.8986613526412079,
  "prob_2_1": 0.34690665748931826,
  "prob_3_0": 0.11805423198645526,
  "prob_3_1": 0.03025116753577406,
  "redis": "localhost:6379",
  "seed": 59,
  "smoke": {
    "test": false
  },
  "tag": "pretrained_trail1_train-npc1000_n-aug1",
  "test": {
    "npc": 30
  },
  "topN": 3,
  "trail": 1,
  "train": {
    "npc": 1000
  },
  "until": 5,
  "valid": {
    "npc": 30
  }
}