{
  "_version": 1,
  "abspath": "/home/jovyan/examples/examples/pytorch/text-autoaugment",
  "aug": null,
  "config": [
    "taa/confs/bert_sst2_example.yaml"
  ],
  "dataset": {
    "data_dir": null,
    "data_files": null,
    "name": "sst2",
    "path": "glue",
    "text_key": "sentence"
  },
  "epoch": 1,
  "ir": 0.02,
  "level_0_0": 0.1883602586334595,
  "level_0_1": 0.9669004612229836,
  "level_1_0": 0.6443145760634813,
  "level_1_1": 0.8901669320550055,
  "level_2_0": 0.6559367273864,
  "level_2_1": 0.05309183158783992,
  "level_3_0": 0.36728003178692226,
  "level_3_1": 0.6284616490737263,
  "lr": "4e-5",
  "magnitude": 0.8,
  "max_seq_length": 128,
  "method": "taa",
  "model": {
    "type": "Bert"
  },
  "n_aug": 1,
  "num_cpus": 40,
  "num_gpus": 1,
  "num_op": 2,
  "num_policy": 4,
  "num_search": 200,
  "per_device_eval_batch_size": 128,
  "per_device_train_batch_size": 16,
  "policy_0_0": 1,
  "policy_0_1": 3,
  "policy_1_0": 2,
  "policy_1_1": 2,
  "policy_2_0": 3,
  "policy_2_1": 2,
  "policy_3_0": 1,
  "policy_3_1": 0,
  "prob_0_0": 0.3834567870323785,
  "prob_0_1": 0.8958896489574698,
  "prob_1_0": 0.4689433630466996,
  "prob_1_1": 0.07031951323174002,
  "prob_2_0": 0.5899427243887649,
  "prob_2_1": 0.45944088254525084,
  "prob_3_0": 0.9614797968270421,
  "prob_3_1": 0.1321370272226241,
  "redis": "localhost:6379",
  "seed": 59,
  "smoke": {
    "test": false
  },
  "tag": "pretrained_trail1_train-npc1000_n-aug1",
  "test": {
    "npc": 30
  },
  "topN": 3,
  "trail": 1,
  "train": {
    "npc": 1000
  },
  "until": 5,
  "valid": {
    "npc": 30
  }
}