{
  "_version": 1,
  "abspath": "~/examples/examples/pytorch/text-autoaugment",
  "aug": null,
  "config": [
    "taa/confs/bert_sst2_example.yaml"
  ],
  "dataset": {
    "data_dir": null,
    "data_files": null,
    "name": "sst2",
    "path": "glue",
    "text_key": "sentence"
  },
  "epoch": 10,
  "ir": 0.02,
  "level_0_0": 0.8289041235331689,
  "level_0_1": 0.6589687672877647,
  "level_1_0": 0.3810663846701524,
  "level_1_1": 0.7236642991567251,
  "level_2_0": 0.4463054318826244,
  "level_2_1": 0.22206515430745233,
  "level_3_0": 0.6986993342960388,
  "level_3_1": 0.13121417641069422,
  "lr": "4e-5",
  "magnitude": 0.8,
  "max_seq_length": 128,
  "method": "taa",
  "model": {
    "type": "Bert"
  },
  "n_aug": 1,
  "num_cpus": 40,
  "num_gpus": 1,
  "num_op": 2,
  "num_policy": 4,
  "num_search": 200,
  "per_device_eval_batch_size": 128,
  "per_device_train_batch_size": 64,
  "policy_0_0": 2,
  "policy_0_1": 2,
  "policy_1_0": 4,
  "policy_1_1": 2,
  "policy_2_0": 2,
  "policy_2_1": 2,
  "policy_3_0": 2,
  "policy_3_1": 4,
  "prob_0_0": 0.18493300964646753,
  "prob_0_1": 0.905808026761671,
  "prob_1_0": 0.8776856148906647,
  "prob_1_1": 0.0840583450914476,
  "prob_2_0": 0.5159306618794424,
  "prob_2_1": 0.8920883566639047,
  "prob_3_0": 0.8950501330625708,
  "prob_3_1": 0.3797053932880673,
  "redis": "localhost:6379",
  "seed": 59,
  "smoke": {
    "test": false
  },
  "tag": "pretrained_trail1_train-npc1000_n-aug1",
  "test": {
    "npc": 30
  },
  "topN": 3,
  "trail": 1,
  "train": {
    "npc": 1000
  },
  "until": 5,
  "valid": {
    "npc": 30
  }
}