{
  "_version": 1,
  "abspath": "/home/jovyan/examples/examples/pytorch/text-autoaugment",
  "aug": null,
  "config": [
    "taa/confs/bert_sst2_example.yaml"
  ],
  "dataset": {
    "data_dir": null,
    "data_files": null,
    "name": "sst2",
    "path": "glue",
    "text_key": "sentence"
  },
  "epoch": 1,
  "ir": 0.02,
  "level_0_0": 0.6165571728937252,
  "level_0_1": 0.8480611239129514,
  "level_1_0": 0.42257394109624435,
  "level_1_1": 0.967852672872942,
  "level_2_0": 0.37290092035448974,
  "level_2_1": 0.7445628663046765,
  "level_3_0": 0.43439640444427097,
  "level_3_1": 0.1129641922455884,
  "lr": "4e-5",
  "magnitude": 0.8,
  "max_seq_length": 128,
  "method": "taa",
  "model": {
    "type": "Bert"
  },
  "n_aug": 1,
  "num_cpus": 40,
  "num_gpus": 1,
  "num_op": 2,
  "num_policy": 4,
  "num_search": 200,
  "per_device_eval_batch_size": 128,
  "per_device_train_batch_size": 16,
  "policy_0_0": 1,
  "policy_0_1": 3,
  "policy_1_0": 1,
  "policy_1_1": 0,
  "policy_2_0": 2,
  "policy_2_1": 1,
  "policy_3_0": 2,
  "policy_3_1": 1,
  "prob_0_0": 0.6257378600701493,
  "prob_0_1": 0.7987133954957433,
  "prob_1_0": 0.06704039270383566,
  "prob_1_1": 0.7706885877859432,
  "prob_2_0": 0.07111062659143896,
  "prob_2_1": 0.5589615698133613,
  "prob_3_0": 0.7715974689256833,
  "prob_3_1": 0.5287664573868125,
  "redis": "localhost:6379",
  "seed": 59,
  "smoke": {
    "test": false
  },
  "tag": "pretrained_trail1_train-npc1000_n-aug1",
  "test": {
    "npc": 30
  },
  "topN": 3,
  "trail": 1,
  "train": {
    "npc": 1000
  },
  "until": 5,
  "valid": {
    "npc": 30
  }
}