{
  "_version": 1,
  "abspath": "/home/jovyan/examples/examples/pytorch/text-autoaugment",
  "aug": null,
  "config": [
    "taa/confs/bert_sst2_example.yaml"
  ],
  "dataset": {
    "data_dir": null,
    "data_files": null,
    "name": "sst2",
    "path": "glue",
    "text_key": "sentence"
  },
  "epoch": 1,
  "ir": 0.02,
  "level_0_0": 0.16945047846046002,
  "level_0_1": 0.24380627542831534,
  "level_1_0": 0.5424548445948789,
  "level_1_1": 0.5119839120394777,
  "level_2_0": 0.6533731650109744,
  "level_2_1": 0.27477161092875946,
  "level_3_0": 0.9992311039113683,
  "level_3_1": 0.4398330017215165,
  "lr": "4e-5",
  "magnitude": 0.8,
  "max_seq_length": 128,
  "method": "taa",
  "model": {
    "type": "Bert"
  },
  "n_aug": 1,
  "num_cpus": 40,
  "num_gpus": 1,
  "num_op": 2,
  "num_policy": 4,
  "num_search": 200,
  "per_device_eval_batch_size": 128,
  "per_device_train_batch_size": 10,
  "policy_0_0": 3,
  "policy_0_1": 0,
  "policy_1_0": 4,
  "policy_1_1": 2,
  "policy_2_0": 2,
  "policy_2_1": 2,
  "policy_3_0": 4,
  "policy_3_1": 3,
  "prob_0_0": 0.4885856252798908,
  "prob_0_1": 0.6036145376740207,
  "prob_1_0": 0.005082063785605606,
  "prob_1_1": 0.3102766466015001,
  "prob_2_0": 0.6869055608995921,
  "prob_2_1": 0.7630271740039856,
  "prob_3_0": 0.9185181861294616,
  "prob_3_1": 0.9933431828797421,
  "redis": "localhost:6379",
  "seed": 59,
  "smoke": {
    "test": false
  },
  "tag": "pretrained_trail1_train-npc1000_n-aug1",
  "test": {
    "npc": 30
  },
  "topN": 3,
  "trail": 1,
  "train": {
    "npc": 1000
  },
  "until": 5,
  "valid": {
    "npc": 30
  }
}