{
  "_version": 1,
  "abspath": "/home/jovyan/examples/examples/pytorch/text-autoaugment",
  "aug": null,
  "config": [
    "taa/confs/bert_sst2_example.yaml"
  ],
  "dataset": {
    "data_dir": null,
    "data_files": null,
    "name": "sst2",
    "path": "glue",
    "text_key": "sentence"
  },
  "epoch": 1,
  "ir": 0.02,
  "level_0_0": 0.19115653624500462,
  "level_0_1": 0.21620840217816206,
  "level_1_0": 0.8295270094702422,
  "level_1_1": 0.016197045661980547,
  "level_2_0": 0.7590432251363788,
  "level_2_1": 0.5537734137192789,
  "level_3_0": 0.4362413055334181,
  "level_3_1": 0.43648585641190896,
  "lr": "4e-5",
  "magnitude": 0.8,
  "max_seq_length": 128,
  "method": "taa",
  "model": {
    "type": "Bert"
  },
  "n_aug": 1,
  "num_cpus": 40,
  "num_gpus": 1,
  "num_op": 2,
  "num_policy": 4,
  "num_search": 200,
  "per_device_eval_batch_size": 128,
  "per_device_train_batch_size": 16,
  "policy_0_0": 1,
  "policy_0_1": 3,
  "policy_1_0": 1,
  "policy_1_1": 3,
  "policy_2_0": 0,
  "policy_2_1": 4,
  "policy_3_0": 1,
  "policy_3_1": 0,
  "prob_0_0": 0.2397218306804133,
  "prob_0_1": 0.3782314694061921,
  "prob_1_0": 0.7224232943766506,
  "prob_1_1": 0.3873756724982822,
  "prob_2_0": 0.8081598268740863,
  "prob_2_1": 0.5805060137321328,
  "prob_3_0": 0.49748483429436174,
  "prob_3_1": 0.9592947909032126,
  "redis": "localhost:6379",
  "seed": 59,
  "smoke": {
    "test": false
  },
  "tag": "pretrained_trail1_train-npc1000_n-aug1",
  "test": {
    "npc": 30
  },
  "topN": 3,
  "trail": 1,
  "train": {
    "npc": 1000
  },
  "until": 5,
  "valid": {
    "npc": 30
  }
}