{
  "_version": 1,
  "abspath": "/home/jovyan/examples/examples/pytorch/text-autoaugment",
  "aug": null,
  "config": [
    "taa/confs/bert_sst2_example.yaml"
  ],
  "dataset": {
    "data_dir": null,
    "data_files": null,
    "name": "sst2",
    "path": "glue",
    "text_key": "sentence"
  },
  "epoch": 10,
  "ir": 0.02,
  "level_0_0": 0.4225577251173511,
  "level_0_1": 0.33399997381953117,
  "level_1_0": 0.5461182315858488,
  "level_1_1": 0.6234793571699662,
  "level_2_0": 0.2535661443600934,
  "level_2_1": 0.23186116911210541,
  "level_3_0": 0.07254592729581166,
  "level_3_1": 0.3792369679519041,
  "lr": "4e-5",
  "magnitude": 0.8,
  "max_seq_length": 128,
  "method": "taa",
  "model": {
    "type": "Bert"
  },
  "n_aug": 1,
  "num_cpus": 40,
  "num_gpus": 1,
  "num_op": 2,
  "num_policy": 4,
  "num_search": 200,
  "per_device_eval_batch_size": 128,
  "per_device_train_batch_size": 64,
  "policy_0_0": 0,
  "policy_0_1": 3,
  "policy_1_0": 4,
  "policy_1_1": 3,
  "policy_2_0": 0,
  "policy_2_1": 0,
  "policy_3_0": 4,
  "policy_3_1": 0,
  "prob_0_0": 0.12744196776537464,
  "prob_0_1": 0.9725068925647548,
  "prob_1_0": 0.9541237199035834,
  "prob_1_1": 0.45391465895558303,
  "prob_2_0": 0.6879695433776775,
  "prob_2_1": 0.3266302657725032,
  "prob_3_0": 0.6297878050616396,
  "prob_3_1": 0.7025889917828264,
  "redis": "localhost:6379",
  "seed": 59,
  "smoke": {
    "test": false
  },
  "tag": "pretrained_trail1_train-npc1000_n-aug1",
  "test": {
    "npc": 30
  },
  "topN": 3,
  "trail": 1,
  "train": {
    "npc": 1000
  },
  "until": 5,
  "valid": {
    "npc": 30
  }
}