{
  "_version": 1,
  "abspath": "/home/jovyan/examples/examples/pytorch/text-autoaugment",
  "aug": null,
  "config": [
    "taa/confs/bert_sst2_example.yaml"
  ],
  "dataset": {
    "data_dir": null,
    "data_files": null,
    "name": "sst2",
    "path": "glue",
    "text_key": "sentence"
  },
  "epoch": 1,
  "ir": 0.02,
  "level_0_0": 0.8363676237434763,
  "level_0_1": 0.07641469399973111,
  "level_1_0": 0.17119347204310076,
  "level_1_1": 0.7085526783343259,
  "level_2_0": 0.49707670291853134,
  "level_2_1": 0.029953972958721597,
  "level_3_0": 0.5439678880840608,
  "level_3_1": 0.3404380538969317,
  "lr": "4e-5",
  "magnitude": 0.8,
  "max_seq_length": 128,
  "method": "taa",
  "model": {
    "type": "Bert"
  },
  "n_aug": 1,
  "num_cpus": 40,
  "num_gpus": 1,
  "num_op": 2,
  "num_policy": 4,
  "num_search": 200,
  "per_device_eval_batch_size": 128,
  "per_device_train_batch_size": 16,
  "policy_0_0": 0,
  "policy_0_1": 1,
  "policy_1_0": 0,
  "policy_1_1": 0,
  "policy_2_0": 1,
  "policy_2_1": 0,
  "policy_3_0": 3,
  "policy_3_1": 0,
  "prob_0_0": 0.17025373817651857,
  "prob_0_1": 0.9359512888530257,
  "prob_1_0": 0.128350789277767,
  "prob_1_1": 0.4225476224192566,
  "prob_2_0": 0.10927016012507607,
  "prob_2_1": 0.0624688055729794,
  "prob_3_0": 0.5893964991211543,
  "prob_3_1": 0.6704951293004927,
  "redis": "localhost:6379",
  "seed": 59,
  "smoke": {
    "test": false
  },
  "tag": "pretrained_trail1_train-npc1000_n-aug1",
  "test": {
    "npc": 30
  },
  "topN": 3,
  "trail": 1,
  "train": {
    "npc": 1000
  },
  "until": 5,
  "valid": {
    "npc": 30
  }
}