{
  "_version": 1,
  "abspath": "~/examples/examples/pytorch/text-autoaugment",
  "aug": null,
  "config": [
    "taa/confs/bert_sst2_example.yaml"
  ],
  "dataset": {
    "data_dir": null,
    "data_files": null,
    "name": "sst2",
    "path": "glue",
    "text_key": "sentence"
  },
  "epoch": 10,
  "ir": 0.02,
  "level_0_0": 0.7762949519744228,
  "level_0_1": 0.27314114770499043,
  "level_1_0": 0.9788609488326789,
  "level_1_1": 0.2532107984598414,
  "level_2_0": 0.11655297240047224,
  "level_2_1": 0.2889895116393174,
  "level_3_0": 0.8254247398587418,
  "level_3_1": 0.5789822492332196,
  "lr": "4e-5",
  "magnitude": 0.8,
  "max_seq_length": 128,
  "method": "taa",
  "model": {
    "type": "Bert"
  },
  "n_aug": 1,
  "num_cpus": 40,
  "num_gpus": 1,
  "num_op": 2,
  "num_policy": 4,
  "num_search": 200,
  "per_device_eval_batch_size": 128,
  "per_device_train_batch_size": 64,
  "policy_0_0": 1,
  "policy_0_1": 0,
  "policy_1_0": 2,
  "policy_1_1": 3,
  "policy_2_0": 2,
  "policy_2_1": 0,
  "policy_3_0": 0,
  "policy_3_1": 3,
  "prob_0_0": 0.26936551337727377,
  "prob_0_1": 0.6885104717721996,
  "prob_1_0": 0.26203807824074044,
  "prob_1_1": 0.4035203647500907,
  "prob_2_0": 0.9380265860413758,
  "prob_2_1": 0.7586700260521658,
  "prob_3_0": 0.3885413666194405,
  "prob_3_1": 0.8077501883490293,
  "redis": "localhost:6379",
  "seed": 59,
  "smoke": {
    "test": false
  },
  "tag": "pretrained_trail1_train-npc1000_n-aug1",
  "test": {
    "npc": 30
  },
  "topN": 3,
  "trail": 1,
  "train": {
    "npc": 1000
  },
  "until": 5,
  "valid": {
    "npc": 30
  }
}