{
  "_version": 1,
  "abspath": "/home/jovyan/examples/examples/pytorch/text-autoaugment",
  "aug": null,
  "config": [
    "taa/confs/bert_sst2_example.yaml"
  ],
  "dataset": {
    "data_dir": null,
    "data_files": null,
    "name": "sst2",
    "path": "glue",
    "text_key": "sentence"
  },
  "epoch": 1,
  "ir": 0.02,
  "level_0_0": 0.7628744001661358,
  "level_0_1": 0.2747500983283927,
  "level_1_0": 0.40788021516851003,
  "level_1_1": 0.8398637975649244,
  "level_2_0": 0.006525493568386831,
  "level_2_1": 0.09551353203874391,
  "level_3_0": 0.980204682365989,
  "level_3_1": 0.6121835365279101,
  "lr": "4e-5",
  "magnitude": 0.8,
  "max_seq_length": 128,
  "method": "taa",
  "model": {
    "type": "Bert"
  },
  "n_aug": 1,
  "num_cpus": 40,
  "num_gpus": 1,
  "num_op": 2,
  "num_policy": 4,
  "num_search": 200,
  "per_device_eval_batch_size": 128,
  "per_device_train_batch_size": 16,
  "policy_0_0": 4,
  "policy_0_1": 0,
  "policy_1_0": 4,
  "policy_1_1": 0,
  "policy_2_0": 1,
  "policy_2_1": 2,
  "policy_3_0": 0,
  "policy_3_1": 1,
  "prob_0_0": 0.5624959551789371,
  "prob_0_1": 0.19861745002278175,
  "prob_1_0": 0.8503191879118867,
  "prob_1_1": 0.6425379091425386,
  "prob_2_0": 0.45517007461581527,
  "prob_2_1": 0.22884297919824603,
  "prob_3_0": 0.7763297607712528,
  "prob_3_1": 0.3749863797573273,
  "redis": "localhost:6379",
  "seed": 59,
  "smoke": {
    "test": false
  },
  "tag": "pretrained_trail1_train-npc1000_n-aug1",
  "test": {
    "npc": 30
  },
  "topN": 3,
  "trail": 1,
  "train": {
    "npc": 1000
  },
  "until": 5,
  "valid": {
    "npc": 30
  }
}