{
  "_version": 1,
  "abspath": "/home/jovyan/examples/examples/pytorch/text-autoaugment",
  "aug": null,
  "config": [
    "taa/confs/bert_sst2_example.yaml"
  ],
  "dataset": {
    "data_dir": null,
    "data_files": null,
    "name": "sst2",
    "path": "glue",
    "text_key": "sentence"
  },
  "epoch": 1,
  "ir": 0.02,
  "level_0_0": 0.7600828006530236,
  "level_0_1": 0.28647046544513566,
  "level_1_0": 0.4267715420708591,
  "level_1_1": 0.24816895386066196,
  "level_2_0": 0.27202595759933024,
  "level_2_1": 0.9850586958404218,
  "level_3_0": 0.6210276323574906,
  "level_3_1": 0.31093195056244705,
  "lr": "4e-5",
  "magnitude": 0.8,
  "max_seq_length": 128,
  "method": "taa",
  "model": {
    "type": "Bert"
  },
  "n_aug": 1,
  "num_cpus": 40,
  "num_gpus": 1,
  "num_op": 2,
  "num_policy": 4,
  "num_search": 200,
  "per_device_eval_batch_size": 128,
  "per_device_train_batch_size": 16,
  "policy_0_0": 2,
  "policy_0_1": 1,
  "policy_1_0": 1,
  "policy_1_1": 0,
  "policy_2_0": 0,
  "policy_2_1": 1,
  "policy_3_0": 4,
  "policy_3_1": 1,
  "prob_0_0": 0.8730771997947017,
  "prob_0_1": 0.17280035073157185,
  "prob_1_0": 0.7087399187906458,
  "prob_1_1": 0.7730326731722041,
  "prob_2_0": 0.6861962673063094,
  "prob_2_1": 0.5696920720656405,
  "prob_3_0": 0.835759414899802,
  "prob_3_1": 0.7923129757469144,
  "redis": "localhost:6379",
  "seed": 59,
  "smoke": {
    "test": false
  },
  "tag": "pretrained_trail1_train-npc1000_n-aug1",
  "test": {
    "npc": 30
  },
  "topN": 3,
  "trail": 1,
  "train": {
    "npc": 1000
  },
  "until": 5,
  "valid": {
    "npc": 30
  }
}