{
  "_version": 1,
  "abspath": "/home/jovyan/examples/examples/pytorch/text-autoaugment",
  "aug": null,
  "config": [
    "taa/confs/bert_sst2_example.yaml"
  ],
  "dataset": {
    "data_dir": null,
    "data_files": null,
    "name": "sst2",
    "path": "glue",
    "text_key": "sentence"
  },
  "epoch": 1,
  "ir": 0.02,
  "level_0_0": 0.8932360061641368,
  "level_0_1": 0.6537349597422143,
  "level_1_0": 0.29524987793773083,
  "level_1_1": 0.3814457740080175,
  "level_2_0": 0.3175198077866671,
  "level_2_1": 0.921348197493614,
  "level_3_0": 0.6495946891295336,
  "level_3_1": 0.42514887659964773,
  "lr": "4e-5",
  "magnitude": 0.8,
  "max_seq_length": 128,
  "method": "taa",
  "model": {
    "type": "Bert"
  },
  "n_aug": 1,
  "num_cpus": 40,
  "num_gpus": 1,
  "num_op": 2,
  "num_policy": 4,
  "num_search": 200,
  "per_device_eval_batch_size": 128,
  "per_device_train_batch_size": 16,
  "policy_0_0": 4,
  "policy_0_1": 0,
  "policy_1_0": 3,
  "policy_1_1": 0,
  "policy_2_0": 1,
  "policy_2_1": 4,
  "policy_3_0": 0,
  "policy_3_1": 3,
  "prob_0_0": 0.9484037161659737,
  "prob_0_1": 0.11375931824860397,
  "prob_1_0": 0.21032838900624895,
  "prob_1_1": 0.39532393519585995,
  "prob_2_0": 0.28534254400291914,
  "prob_2_1": 0.22178302535546712,
  "prob_3_0": 0.5579370205909997,
  "prob_3_1": 0.35923817941902825,
  "redis": "localhost:6379",
  "seed": 59,
  "smoke": {
    "test": false
  },
  "tag": "pretrained_trail1_train-npc1000_n-aug1",
  "test": {
    "npc": 30
  },
  "topN": 3,
  "trail": 1,
  "train": {
    "npc": 1000
  },
  "until": 5,
  "valid": {
    "npc": 30
  }
}