{
  "_version": 1,
  "abspath": "/home/jovyan/examples/examples/pytorch/text-autoaugment",
  "aug": null,
  "config": [
    "taa/confs/bert_sst2_example.yaml"
  ],
  "dataset": {
    "data_dir": null,
    "data_files": null,
    "name": "sst2",
    "path": "glue",
    "text_key": "sentence"
  },
  "epoch": 1,
  "ir": 0.02,
  "level_0_0": 0.11029344645427941,
  "level_0_1": 0.9608404815329514,
  "level_1_0": 0.3958904864099122,
  "level_1_1": 0.10468833411905742,
  "level_2_0": 0.024265608719376885,
  "level_2_1": 0.10090478945124282,
  "level_3_0": 0.0618247846953498,
  "level_3_1": 0.955684481144152,
  "lr": "4e-5",
  "magnitude": 0.8,
  "max_seq_length": 128,
  "method": "taa",
  "model": {
    "type": "Bert"
  },
  "n_aug": 1,
  "num_cpus": 40,
  "num_gpus": 1,
  "num_op": 2,
  "num_policy": 4,
  "num_search": 200,
  "per_device_eval_batch_size": 128,
  "per_device_train_batch_size": 16,
  "policy_0_0": 2,
  "policy_0_1": 4,
  "policy_1_0": 0,
  "policy_1_1": 2,
  "policy_2_0": 2,
  "policy_2_1": 3,
  "policy_3_0": 0,
  "policy_3_1": 1,
  "prob_0_0": 0.8687115663949293,
  "prob_0_1": 0.3555453231038449,
  "prob_1_0": 0.3740698644947308,
  "prob_1_1": 0.3439639177730738,
  "prob_2_0": 0.5876587555300201,
  "prob_2_1": 0.11023394313595059,
  "prob_3_0": 0.27719421504162034,
  "prob_3_1": 0.7545539941135573,
  "redis": "localhost:6379",
  "seed": 59,
  "smoke": {
    "test": false
  },
  "tag": "pretrained_trail1_train-npc1000_n-aug1",
  "test": {
    "npc": 30
  },
  "topN": 3,
  "trail": 1,
  "train": {
    "npc": 1000
  },
  "until": 5,
  "valid": {
    "npc": 30
  }
}