{
  "_version": 1,
  "abspath": "~/examples/examples/pytorch/text-autoaugment",
  "aug": null,
  "config": [
    "taa/confs/bert_sst2_example.yaml"
  ],
  "dataset": {
    "data_dir": null,
    "data_files": null,
    "name": "sst2",
    "path": "glue",
    "text_key": "sentence"
  },
  "epoch": 10,
  "ir": 0.02,
  "level_0_0": 0.712995534553127,
  "level_0_1": 0.6213630949843103,
  "level_1_0": 0.42021245796302176,
  "level_1_1": 0.8512142898103676,
  "level_2_0": 0.8756021351420015,
  "level_2_1": 0.7537373753339622,
  "level_3_0": 0.7516492760489198,
  "level_3_1": 0.8578306454024742,
  "lr": "4e-5",
  "magnitude": 0.8,
  "max_seq_length": 128,
  "method": "taa",
  "model": {
    "type": "Bert"
  },
  "n_aug": 1,
  "num_cpus": 40,
  "num_gpus": 1,
  "num_op": 2,
  "num_policy": 4,
  "num_search": 200,
  "per_device_eval_batch_size": 128,
  "per_device_train_batch_size": 64,
  "policy_0_0": 0,
  "policy_0_1": 0,
  "policy_1_0": 2,
  "policy_1_1": 1,
  "policy_2_0": 3,
  "policy_2_1": 0,
  "policy_3_0": 2,
  "policy_3_1": 1,
  "prob_0_0": 0.7717212169221708,
  "prob_0_1": 0.13465856865357262,
  "prob_1_0": 0.584149046554648,
  "prob_1_1": 0.007890350563353521,
  "prob_2_0": 0.05622084479705647,
  "prob_2_1": 0.7640300930644447,
  "prob_3_0": 0.299944932691388,
  "prob_3_1": 0.4163841188592948,
  "redis": "localhost:6379",
  "seed": 59,
  "smoke": {
    "test": false
  },
  "tag": "pretrained_trail1_train-npc1000_n-aug1",
  "test": {
    "npc": 30
  },
  "topN": 3,
  "trail": 1,
  "train": {
    "npc": 1000
  },
  "until": 5,
  "valid": {
    "npc": 30
  }
}