{
  "_version": 1,
  "abspath": "~/examples/examples/pytorch/text-autoaugment/taa",
  "aug": null,
  "config": [
    "taa/confs/bert_sst2_example.yaml"
  ],
  "dataset": {
    "data_dir": null,
    "data_files": null,
    "name": "sst2",
    "path": "glue",
    "text_key": "sentence"
  },
  "epoch": 10,
  "ir": 0.02,
  "level_0_0": 0.020261667702373365,
  "level_0_1": 0.8990750124141669,
  "level_1_0": 0.7890883086162414,
  "level_1_1": 0.7669051321023834,
  "level_2_0": 0.504748367302793,
  "level_2_1": 0.4321870757346369,
  "level_3_0": 0.7096274387311581,
  "level_3_1": 0.66159377274131,
  "lr": "4e-5",
  "magnitude": 0.8,
  "max_seq_length": 128,
  "method": "taa",
  "model": {
    "type": "Bert"
  },
  "n_aug": 1,
  "num_cpus": 40,
  "num_gpus": 1,
  "num_op": 2,
  "num_policy": 4,
  "num_search": 200,
  "per_device_eval_batch_size": 128,
  "per_device_train_batch_size": 64,
  "policy_0_0": 2,
  "policy_0_1": 2,
  "policy_1_0": 4,
  "policy_1_1": 3,
  "policy_2_0": 2,
  "policy_2_1": 4,
  "policy_3_0": 2,
  "policy_3_1": 3,
  "prob_0_0": 0.10039508639262662,
  "prob_0_1": 0.43330873946776793,
  "prob_1_0": 0.6063719905623957,
  "prob_1_1": 0.6715903781351967,
  "prob_2_0": 0.2590644497725496,
  "prob_2_1": 0.2129941108452137,
  "prob_3_0": 0.6745244765799931,
  "prob_3_1": 0.550710869022674,
  "redis": "localhost:6379",
  "seed": 59,
  "smoke": {
    "test": false
  },
  "tag": "pretrained_trail1_train-npc1000_n-aug1",
  "test": {
    "npc": 30
  },
  "topN": 3,
  "trail": 1,
  "train": {
    "npc": 1000
  },
  "until": 5,
  "valid": {
    "npc": 30
  }
}