{
  "_version": 1,
  "abspath": "/home/jovyan/examples/examples/pytorch/text-autoaugment",
  "aug": null,
  "config": [
    "taa/confs/bert_sst2_example.yaml"
  ],
  "dataset": {
    "data_dir": null,
    "data_files": null,
    "name": "sst2",
    "path": "glue",
    "text_key": "sentence"
  },
  "epoch": 10,
  "ir": 0.02,
  "level_0_0": 0.042967066850163604,
  "level_0_1": 0.491217999171512,
  "level_1_0": 0.2229335573575585,
  "level_1_1": 0.11200627276132002,
  "level_2_0": 0.8672887629267241,
  "level_2_1": 0.034575854583205445,
  "level_3_0": 0.2500004484713113,
  "level_3_1": 0.6140172266547694,
  "lr": "4e-5",
  "magnitude": 0.8,
  "max_seq_length": 128,
  "method": "taa",
  "model": {
    "type": "Bert"
  },
  "n_aug": 1,
  "num_cpus": 40,
  "num_gpus": 1,
  "num_op": 2,
  "num_policy": 4,
  "num_search": 200,
  "per_device_eval_batch_size": 128,
  "per_device_train_batch_size": 64,
  "policy_0_0": 2,
  "policy_0_1": 4,
  "policy_1_0": 3,
  "policy_1_1": 0,
  "policy_2_0": 0,
  "policy_2_1": 4,
  "policy_3_0": 3,
  "policy_3_1": 0,
  "prob_0_0": 0.7229382544631701,
  "prob_0_1": 0.9823192777277149,
  "prob_1_0": 0.7221231926130742,
  "prob_1_1": 0.6509068442682717,
  "prob_2_0": 0.41447625889597817,
  "prob_2_1": 0.6934980175621037,
  "prob_3_0": 0.2308127881099461,
  "prob_3_1": 0.2192506332280556,
  "redis": "localhost:6379",
  "seed": 59,
  "smoke": {
    "test": false
  },
  "tag": "pretrained_trail1_train-npc1000_n-aug1",
  "test": {
    "npc": 30
  },
  "topN": 3,
  "trail": 1,
  "train": {
    "npc": 1000
  },
  "until": 5,
  "valid": {
    "npc": 30
  }
}