{
  "_version": 1,
  "abspath": "/home/jovyan/examples/examples/pytorch/text-autoaugment",
  "aug": null,
  "config": [
    "taa/confs/bert_sst2_example.yaml"
  ],
  "dataset": {
    "data_dir": null,
    "data_files": null,
    "name": "sst2",
    "path": "glue",
    "text_key": "sentence"
  },
  "epoch": 1,
  "ir": 0.02,
  "level_0_0": 0.38938747618057645,
  "level_0_1": 0.37552316068989045,
  "level_1_0": 0.18817452790106848,
  "level_1_1": 0.19398651074690765,
  "level_2_0": 0.13747903897644154,
  "level_2_1": 0.5933860434939829,
  "level_3_0": 0.4935129192900948,
  "level_3_1": 0.7709920323015885,
  "lr": "4e-5",
  "magnitude": 0.8,
  "max_seq_length": 128,
  "method": "taa",
  "model": {
    "type": "Bert"
  },
  "n_aug": 1,
  "num_cpus": 40,
  "num_gpus": 1,
  "num_op": 2,
  "num_policy": 4,
  "num_search": 200,
  "per_device_eval_batch_size": 128,
  "per_device_train_batch_size": 16,
  "policy_0_0": 3,
  "policy_0_1": 0,
  "policy_1_0": 1,
  "policy_1_1": 2,
  "policy_2_0": 1,
  "policy_2_1": 3,
  "policy_3_0": 3,
  "policy_3_1": 0,
  "prob_0_0": 0.3091739877456502,
  "prob_0_1": 0.5412992315499373,
  "prob_1_0": 0.7686529546916412,
  "prob_1_1": 0.5150028565502668,
  "prob_2_0": 0.19574711252499832,
  "prob_2_1": 0.7572657696025058,
  "prob_3_0": 0.9243406160548004,
  "prob_3_1": 0.454475633586221,
  "redis": "localhost:6379",
  "seed": 59,
  "smoke": {
    "test": false
  },
  "tag": "pretrained_trail1_train-npc1000_n-aug1",
  "test": {
    "npc": 30
  },
  "topN": 3,
  "trail": 1,
  "train": {
    "npc": 1000
  },
  "until": 5,
  "valid": {
    "npc": 30
  }
}