{
  "_version": 1,
  "abspath": "/home/jovyan/examples/examples/pytorch/text-autoaugment",
  "aug": null,
  "config": [
    "taa/confs/bert_sst2_example.yaml"
  ],
  "dataset": {
    "data_dir": null,
    "data_files": null,
    "name": "sst2",
    "path": "glue",
    "text_key": "sentence"
  },
  "epoch": 1,
  "ir": 0.02,
  "level_0_0": 0.37508577213661976,
  "level_0_1": 0.5621211122584567,
  "level_1_0": 0.8614291287527633,
  "level_1_1": 0.5835664618825359,
  "level_2_0": 0.05138594461563295,
  "level_2_1": 0.7599338120732632,
  "level_3_0": 0.7232045032722044,
  "level_3_1": 0.7603221350889137,
  "lr": "4e-5",
  "magnitude": 0.8,
  "max_seq_length": 128,
  "method": "taa",
  "model": {
    "type": "Bert"
  },
  "n_aug": 1,
  "num_cpus": 40,
  "num_gpus": 1,
  "num_op": 2,
  "num_policy": 4,
  "num_search": 200,
  "per_device_eval_batch_size": 128,
  "per_device_train_batch_size": 16,
  "policy_0_0": 3,
  "policy_0_1": 2,
  "policy_1_0": 1,
  "policy_1_1": 1,
  "policy_2_0": 0,
  "policy_2_1": 3,
  "policy_3_0": 2,
  "policy_3_1": 2,
  "prob_0_0": 0.5691311868461308,
  "prob_0_1": 0.901079228244729,
  "prob_1_0": 0.5764026236669996,
  "prob_1_1": 0.2640203910067639,
  "prob_2_0": 0.03921410616474641,
  "prob_2_1": 0.07890518432609517,
  "prob_3_0": 0.9624123730330305,
  "prob_3_1": 0.1447998909365451,
  "redis": "localhost:6379",
  "seed": 59,
  "smoke": {
    "test": false
  },
  "tag": "pretrained_trail1_train-npc1000_n-aug1",
  "test": {
    "npc": 30
  },
  "topN": 3,
  "trail": 1,
  "train": {
    "npc": 1000
  },
  "until": 5,
  "valid": {
    "npc": 30
  }
}