{
  "_version": 1,
  "abspath": "/home/jovyan/examples/examples/pytorch/text-autoaugment",
  "aug": null,
  "config": [
    "taa/confs/bert_sst2_example.yaml"
  ],
  "dataset": {
    "data_dir": null,
    "data_files": null,
    "name": "sst2",
    "path": "glue",
    "text_key": "sentence"
  },
  "epoch": 1,
  "ir": 0.02,
  "level_0_0": 0.977261998180965,
  "level_0_1": 0.5007973668865248,
  "level_1_0": 0.7848771099524927,
  "level_1_1": 0.21791210381072434,
  "level_2_0": 0.4883563949677202,
  "level_2_1": 0.700030870692971,
  "level_3_0": 0.857167032101644,
  "level_3_1": 0.7134825934935951,
  "lr": "4e-5",
  "magnitude": 0.8,
  "max_seq_length": 128,
  "method": "taa",
  "model": {
    "type": "Bert"
  },
  "n_aug": 1,
  "num_cpus": 40,
  "num_gpus": 1,
  "num_op": 2,
  "num_policy": 4,
  "num_search": 200,
  "per_device_eval_batch_size": 128,
  "per_device_train_batch_size": 10,
  "policy_0_0": 0,
  "policy_0_1": 3,
  "policy_1_0": 1,
  "policy_1_1": 2,
  "policy_2_0": 2,
  "policy_2_1": 4,
  "policy_3_0": 1,
  "policy_3_1": 2,
  "prob_0_0": 0.32371774878310555,
  "prob_0_1": 0.008883977243667185,
  "prob_1_0": 0.38651277525132044,
  "prob_1_1": 0.613624332006352,
  "prob_2_0": 0.05969948874072695,
  "prob_2_1": 0.880196624883093,
  "prob_3_0": 0.5131303737459377,
  "prob_3_1": 0.7235921533403695,
  "redis": "localhost:6379",
  "seed": 59,
  "smoke": {
    "test": false
  },
  "tag": "pretrained_trail1_train-npc1000_n-aug1",
  "test": {
    "npc": 30
  },
  "topN": 3,
  "trail": 1,
  "train": {
    "npc": 1000
  },
  "until": 5,
  "valid": {
    "npc": 30
  }
}