{
  "_version": 1,
  "abspath": "/home/jovyan/examples/examples/pytorch/text-autoaugment",
  "aug": null,
  "config": [
    "taa/confs/bert_sst2_example.yaml"
  ],
  "dataset": {
    "data_dir": null,
    "data_files": null,
    "name": "sst2",
    "path": "glue",
    "text_key": "sentence"
  },
  "epoch": 1,
  "ir": 0.02,
  "level_0_0": 0.9734001331074873,
  "level_0_1": 0.9174819566231505,
  "level_1_0": 0.3551609927132039,
  "level_1_1": 0.2099427815928957,
  "level_2_0": 0.033584780471327624,
  "level_2_1": 0.45097198751659573,
  "level_3_0": 0.22879929612354633,
  "level_3_1": 0.9145930662227097,
  "lr": "4e-5",
  "magnitude": 0.8,
  "max_seq_length": 128,
  "method": "taa",
  "model": {
    "type": "Bert"
  },
  "n_aug": 1,
  "num_cpus": 40,
  "num_gpus": 1,
  "num_op": 2,
  "num_policy": 4,
  "num_search": 200,
  "per_device_eval_batch_size": 128,
  "per_device_train_batch_size": 16,
  "policy_0_0": 4,
  "policy_0_1": 0,
  "policy_1_0": 3,
  "policy_1_1": 3,
  "policy_2_0": 4,
  "policy_2_1": 2,
  "policy_3_0": 3,
  "policy_3_1": 2,
  "prob_0_0": 0.18541621621382576,
  "prob_0_1": 0.4811594350773817,
  "prob_1_0": 0.9688852495684394,
  "prob_1_1": 0.32708352627044324,
  "prob_2_0": 0.9623541624501191,
  "prob_2_1": 0.5657853656072634,
  "prob_3_0": 0.3550590140119053,
  "prob_3_1": 0.20940528663669444,
  "redis": "localhost:6379",
  "seed": 59,
  "smoke": {
    "test": false
  },
  "tag": "pretrained_trail1_train-npc1000_n-aug1",
  "test": {
    "npc": 30
  },
  "topN": 3,
  "trail": 1,
  "train": {
    "npc": 1000
  },
  "until": 5,
  "valid": {
    "npc": 30
  }
}