{
  "_version": 1,
  "abspath": "/home/jovyan/examples/examples/pytorch/text-autoaugment",
  "aug": null,
  "config": [
    "taa/confs/bert_sst2_example.yaml"
  ],
  "dataset": {
    "data_dir": null,
    "data_files": null,
    "name": "sst2",
    "path": "glue",
    "text_key": "sentence"
  },
  "epoch": 10,
  "ir": 0.02,
  "level_0_0": 0.43500022067398436,
  "level_0_1": 0.8197062209358804,
  "level_1_0": 0.3464762511471442,
  "level_1_1": 0.025528680195084807,
  "level_2_0": 0.6006756766611929,
  "level_2_1": 0.3627140756376641,
  "level_3_0": 0.6922469968030277,
  "level_3_1": 0.48670709504137943,
  "lr": "4e-5",
  "magnitude": 0.8,
  "max_seq_length": 128,
  "method": "taa",
  "model": {
    "type": "Bert"
  },
  "n_aug": 1,
  "num_cpus": 40,
  "num_gpus": 1,
  "num_op": 2,
  "num_policy": 4,
  "num_search": 200,
  "per_device_eval_batch_size": 128,
  "per_device_train_batch_size": 64,
  "policy_0_0": 4,
  "policy_0_1": 2,
  "policy_1_0": 3,
  "policy_1_1": 0,
  "policy_2_0": 0,
  "policy_2_1": 1,
  "policy_3_0": 1,
  "policy_3_1": 3,
  "prob_0_0": 0.09097339272959903,
  "prob_0_1": 0.9046826567729239,
  "prob_1_0": 0.04289429658023369,
  "prob_1_1": 0.5668376102682594,
  "prob_2_0": 0.6113980367411982,
  "prob_2_1": 0.9004246135018725,
  "prob_3_0": 0.3699068375832427,
  "prob_3_1": 0.3991326214916272,
  "redis": "localhost:6379",
  "seed": 59,
  "smoke": {
    "test": false
  },
  "tag": "pretrained_trail1_train-npc1000_n-aug1",
  "test": {
    "npc": 30
  },
  "topN": 3,
  "trail": 1,
  "train": {
    "npc": 1000
  },
  "until": 5,
  "valid": {
    "npc": 30
  }
}