{
  "_version": 1,
  "abspath": "/home/jovyan/examples/examples/pytorch/text-autoaugment",
  "aug": null,
  "config": [
    "taa/confs/bert_sst2_example.yaml"
  ],
  "dataset": {
    "data_dir": null,
    "data_files": null,
    "name": "sst2",
    "path": "glue",
    "text_key": "sentence"
  },
  "epoch": 1,
  "ir": 0.02,
  "level_0_0": 0.5722148461979301,
  "level_0_1": 0.2890096348641985,
  "level_1_0": 0.9573158191269154,
  "level_1_1": 0.5552248692930057,
  "level_2_0": 0.7186564387316237,
  "level_2_1": 0.6349089921805373,
  "level_3_0": 0.28301557439737923,
  "level_3_1": 0.7631365696712447,
  "lr": "4e-5",
  "magnitude": 0.8,
  "max_seq_length": 128,
  "method": "taa",
  "model": {
    "type": "Bert"
  },
  "n_aug": 1,
  "num_cpus": 40,
  "num_gpus": 1,
  "num_op": 2,
  "num_policy": 4,
  "num_search": 200,
  "per_device_eval_batch_size": 128,
  "per_device_train_batch_size": 16,
  "policy_0_0": 3,
  "policy_0_1": 4,
  "policy_1_0": 2,
  "policy_1_1": 3,
  "policy_2_0": 2,
  "policy_2_1": 3,
  "policy_3_0": 4,
  "policy_3_1": 2,
  "prob_0_0": 0.42456860927092543,
  "prob_0_1": 0.35586052591095874,
  "prob_1_0": 0.21674674145627626,
  "prob_1_1": 0.0767242082044558,
  "prob_2_0": 0.4234125882932146,
  "prob_2_1": 0.7002666757627992,
  "prob_3_0": 0.11141453363035259,
  "prob_3_1": 0.5523344361857055,
  "redis": "localhost:6379",
  "seed": 59,
  "smoke": {
    "test": false
  },
  "tag": "pretrained_trail1_train-npc1000_n-aug1",
  "test": {
    "npc": 30
  },
  "topN": 3,
  "trail": 1,
  "train": {
    "npc": 1000
  },
  "until": 5,
  "valid": {
    "npc": 30
  }
}