{
  "_version": 1,
  "abspath": "/home/jovyan/examples/examples/pytorch/text-autoaugment",
  "aug": null,
  "config": [
    "taa/confs/bert_sst2_example.yaml"
  ],
  "dataset": {
    "data_dir": null,
    "data_files": null,
    "name": "sst2",
    "path": "glue",
    "text_key": "sentence"
  },
  "epoch": 1,
  "ir": 0.02,
  "level_0_0": 0.5667678141375233,
  "level_0_1": 0.5988284364039836,
  "level_1_0": 0.954427264697227,
  "level_1_1": 0.32347540259655627,
  "level_2_0": 0.19093725311849086,
  "level_2_1": 0.45106040898085653,
  "level_3_0": 0.01918057481380031,
  "level_3_1": 0.268216879467859,
  "lr": "4e-5",
  "magnitude": 0.8,
  "max_seq_length": 128,
  "method": "taa",
  "model": {
    "type": "Bert"
  },
  "n_aug": 1,
  "num_cpus": 40,
  "num_gpus": 1,
  "num_op": 2,
  "num_policy": 4,
  "num_search": 200,
  "per_device_eval_batch_size": 128,
  "per_device_train_batch_size": 16,
  "policy_0_0": 1,
  "policy_0_1": 3,
  "policy_1_0": 2,
  "policy_1_1": 0,
  "policy_2_0": 4,
  "policy_2_1": 1,
  "policy_3_0": 3,
  "policy_3_1": 4,
  "prob_0_0": 0.14931606257406593,
  "prob_0_1": 0.5341461966669965,
  "prob_1_0": 0.05585761870503392,
  "prob_1_1": 0.4595830491932714,
  "prob_2_0": 0.35068626695058047,
  "prob_2_1": 0.83153434765206,
  "prob_3_0": 0.7592127387214088,
  "prob_3_1": 0.27824392323952607,
  "redis": "localhost:6379",
  "seed": 59,
  "smoke": {
    "test": false
  },
  "tag": "pretrained_trail1_train-npc1000_n-aug1",
  "test": {
    "npc": 30
  },
  "topN": 3,
  "trail": 1,
  "train": {
    "npc": 1000
  },
  "until": 5,
  "valid": {
    "npc": 30
  }
}