{
  "_version": 1,
  "abspath": "/home/jovyan/examples/examples/pytorch/text-autoaugment",
  "aug": null,
  "config": [
    "taa/confs/bert_sst2_example.yaml"
  ],
  "dataset": {
    "data_dir": null,
    "data_files": null,
    "name": "sst2",
    "path": "glue",
    "text_key": "sentence"
  },
  "epoch": 1,
  "ir": 0.02,
  "level_0_0": 0.4158947800154641,
  "level_0_1": 0.7652869641259864,
  "level_1_0": 0.2540267273404062,
  "level_1_1": 0.9754422928304122,
  "level_2_0": 0.43866156048223925,
  "level_2_1": 0.1493569166969233,
  "level_3_0": 0.6331570731465278,
  "level_3_1": 0.36776770819177274,
  "lr": "4e-5",
  "magnitude": 0.8,
  "max_seq_length": 128,
  "method": "taa",
  "model": {
    "type": "Bert"
  },
  "n_aug": 1,
  "num_cpus": 40,
  "num_gpus": 1,
  "num_op": 2,
  "num_policy": 4,
  "num_search": 200,
  "per_device_eval_batch_size": 128,
  "per_device_train_batch_size": 16,
  "policy_0_0": 1,
  "policy_0_1": 1,
  "policy_1_0": 2,
  "policy_1_1": 2,
  "policy_2_0": 1,
  "policy_2_1": 3,
  "policy_3_0": 4,
  "policy_3_1": 4,
  "prob_0_0": 0.33687442124624534,
  "prob_0_1": 0.6142812724172345,
  "prob_1_0": 0.23311765069818458,
  "prob_1_1": 0.7441735550018775,
  "prob_2_0": 0.5545380059150983,
  "prob_2_1": 0.6658615161064402,
  "prob_3_0": 0.9741090621282013,
  "prob_3_1": 0.6686231124889753,
  "redis": "localhost:6379",
  "seed": 59,
  "smoke": {
    "test": false
  },
  "tag": "pretrained_trail1_train-npc1000_n-aug1",
  "test": {
    "npc": 30
  },
  "topN": 3,
  "trail": 1,
  "train": {
    "npc": 1000
  },
  "until": 5,
  "valid": {
    "npc": 30
  }
}