{
  "_version": 1,
  "abspath": "/home/jovyan/examples/examples/pytorch/text-autoaugment",
  "aug": null,
  "config": [
    "taa/confs/bert_sst2_example.yaml"
  ],
  "dataset": {
    "data_dir": null,
    "data_files": null,
    "name": "sst2",
    "path": "glue",
    "text_key": "sentence"
  },
  "epoch": 10,
  "ir": 0.02,
  "level_0_0": 0.819230819250213,
  "level_0_1": 0.5548923118681797,
  "level_1_0": 0.7358232519064788,
  "level_1_1": 0.7495912701493329,
  "level_2_0": 0.22522766579195352,
  "level_2_1": 0.16169786874438663,
  "level_3_0": 0.3238823397312032,
  "level_3_1": 0.5311246229225082,
  "lr": "4e-5",
  "magnitude": 0.8,
  "max_seq_length": 128,
  "method": "taa",
  "model": {
    "type": "Bert"
  },
  "n_aug": 1,
  "num_cpus": 40,
  "num_gpus": 1,
  "num_op": 2,
  "num_policy": 4,
  "num_search": 200,
  "per_device_eval_batch_size": 128,
  "per_device_train_batch_size": 64,
  "policy_0_0": 0,
  "policy_0_1": 0,
  "policy_1_0": 0,
  "policy_1_1": 2,
  "policy_2_0": 2,
  "policy_2_1": 0,
  "policy_3_0": 1,
  "policy_3_1": 0,
  "prob_0_0": 0.8540560685576596,
  "prob_0_1": 0.5572607545075164,
  "prob_1_0": 0.015061295212431602,
  "prob_1_1": 0.9969097675845587,
  "prob_2_0": 0.7523663292126886,
  "prob_2_1": 0.9409828699706103,
  "prob_3_0": 0.11715511981384152,
  "prob_3_1": 0.536453439831033,
  "redis": "localhost:6379",
  "seed": 59,
  "smoke": {
    "test": false
  },
  "tag": "pretrained_trail1_train-npc1000_n-aug1",
  "test": {
    "npc": 30
  },
  "topN": 3,
  "trail": 1,
  "train": {
    "npc": 1000
  },
  "until": 5,
  "valid": {
    "npc": 30
  }
}