{
  "_version": 1,
  "abspath": "/home/jovyan/examples/examples/pytorch/text-autoaugment",
  "aug": null,
  "config": [
    "taa/confs/bert_sst2_example.yaml"
  ],
  "dataset": {
    "data_dir": null,
    "data_files": null,
    "name": "sst2",
    "path": "glue",
    "text_key": "sentence"
  },
  "epoch": 1,
  "ir": 0.02,
  "level_0_0": 0.9501777664839512,
  "level_0_1": 0.10331340324194616,
  "level_1_0": 0.8743856311386262,
  "level_1_1": 0.5610766342063026,
  "level_2_0": 0.4241891167488314,
  "level_2_1": 0.7003589632895378,
  "level_3_0": 0.2751633013402447,
  "level_3_1": 0.327458644127713,
  "lr": "4e-5",
  "magnitude": 0.8,
  "max_seq_length": 128,
  "method": "taa",
  "model": {
    "type": "Bert"
  },
  "n_aug": 1,
  "num_cpus": 40,
  "num_gpus": 1,
  "num_op": 2,
  "num_policy": 4,
  "num_search": 200,
  "per_device_eval_batch_size": 128,
  "per_device_train_batch_size": 16,
  "policy_0_0": 2,
  "policy_0_1": 0,
  "policy_1_0": 0,
  "policy_1_1": 2,
  "policy_2_0": 2,
  "policy_2_1": 0,
  "policy_3_0": 2,
  "policy_3_1": 0,
  "prob_0_0": 0.9110172231063483,
  "prob_0_1": 0.2142234415502735,
  "prob_1_0": 0.41257958244236825,
  "prob_1_1": 0.8757971599511077,
  "prob_2_0": 0.43225926512409263,
  "prob_2_1": 0.3962456404405835,
  "prob_3_0": 0.574333276637954,
  "prob_3_1": 0.8184836736143405,
  "redis": "localhost:6379",
  "seed": 59,
  "smoke": {
    "test": false
  },
  "tag": "pretrained_trail1_train-npc1000_n-aug1",
  "test": {
    "npc": 30
  },
  "topN": 3,
  "trail": 1,
  "train": {
    "npc": 1000
  },
  "until": 5,
  "valid": {
    "npc": 30
  }
}