{
  "_version": 1,
  "abspath": "/home/jovyan/examples/examples/pytorch/text-autoaugment",
  "aug": null,
  "config": [
    "taa/confs/bert_sst2_example.yaml"
  ],
  "dataset": {
    "data_dir": null,
    "data_files": null,
    "name": "sst2",
    "path": "glue",
    "text_key": "sentence"
  },
  "epoch": 10,
  "ir": 0.02,
  "level_0_0": 0.3499474964415773,
  "level_0_1": 0.553635541177462,
  "level_1_0": 0.9145118614512621,
  "level_1_1": 0.10662614074438914,
  "level_2_0": 0.7096380364520953,
  "level_2_1": 0.11311781510215457,
  "level_3_0": 0.6478696414227927,
  "level_3_1": 0.20587713190551937,
  "lr": "4e-5",
  "magnitude": 0.8,
  "max_seq_length": 128,
  "method": "taa",
  "model": {
    "type": "Bert"
  },
  "n_aug": 1,
  "num_cpus": 40,
  "num_gpus": 1,
  "num_op": 2,
  "num_policy": 4,
  "num_search": 200,
  "per_device_eval_batch_size": 128,
  "per_device_train_batch_size": 64,
  "policy_0_0": 3,
  "policy_0_1": 3,
  "policy_1_0": 3,
  "policy_1_1": 2,
  "policy_2_0": 2,
  "policy_2_1": 1,
  "policy_3_0": 0,
  "policy_3_1": 0,
  "prob_0_0": 0.7066072285693215,
  "prob_0_1": 0.09528810019870593,
  "prob_1_0": 0.7966378572035301,
  "prob_1_1": 0.5580154029546773,
  "prob_2_0": 0.9335630858038422,
  "prob_2_1": 0.602873028927955,
  "prob_3_0": 0.5547503593451228,
  "prob_3_1": 0.8176147350537942,
  "redis": "localhost:6379",
  "seed": 59,
  "smoke": {
    "test": false
  },
  "tag": "pretrained_trail1_train-npc1000_n-aug1",
  "test": {
    "npc": 30
  },
  "topN": 3,
  "trail": 1,
  "train": {
    "npc": 1000
  },
  "until": 5,
  "valid": {
    "npc": 30
  }
}