{
  "_version": 1,
  "abspath": "/home/jovyan/examples/examples/pytorch/text-autoaugment",
  "aug": null,
  "config": [
    "taa/confs/bert_sst2_example.yaml"
  ],
  "dataset": {
    "data_dir": null,
    "data_files": null,
    "name": "sst2",
    "path": "glue",
    "text_key": "sentence"
  },
  "epoch": 1,
  "ir": 0.02,
  "level_0_0": 0.3512473702644594,
  "level_0_1": 0.7050461196693163,
  "level_1_0": 0.5491092062414923,
  "level_1_1": 0.2181570867305842,
  "level_2_0": 0.04328354283930025,
  "level_2_1": 0.1421081233946434,
  "level_3_0": 0.14493098828074846,
  "level_3_1": 0.3383479302062763,
  "lr": "4e-5",
  "magnitude": 0.8,
  "max_seq_length": 128,
  "method": "taa",
  "model": {
    "type": "Bert"
  },
  "n_aug": 1,
  "num_cpus": 40,
  "num_gpus": 1,
  "num_op": 2,
  "num_policy": 4,
  "num_search": 200,
  "per_device_eval_batch_size": 128,
  "per_device_train_batch_size": 16,
  "policy_0_0": 0,
  "policy_0_1": 4,
  "policy_1_0": 2,
  "policy_1_1": 0,
  "policy_2_0": 2,
  "policy_2_1": 2,
  "policy_3_0": 0,
  "policy_3_1": 1,
  "prob_0_0": 0.7232512814230165,
  "prob_0_1": 0.7188341184009281,
  "prob_1_0": 0.9898431662176094,
  "prob_1_1": 0.812241555953397,
  "prob_2_0": 0.29172087610553254,
  "prob_2_1": 0.19736302037239262,
  "prob_3_0": 0.15570768016337666,
  "prob_3_1": 0.8403330170356651,
  "redis": "localhost:6379",
  "seed": 59,
  "smoke": {
    "test": false
  },
  "tag": "pretrained_trail1_train-npc1000_n-aug1",
  "test": {
    "npc": 30
  },
  "topN": 3,
  "trail": 1,
  "train": {
    "npc": 1000
  },
  "until": 5,
  "valid": {
    "npc": 30
  }
}