{
  "_version": 1,
  "abspath": "/home/jovyan/examples/examples/pytorch/text-autoaugment",
  "aug": null,
  "config": [
    "taa/confs/bert_sst2_example.yaml"
  ],
  "dataset": {
    "data_dir": null,
    "data_files": null,
    "name": "sst2",
    "path": "glue",
    "text_key": "sentence"
  },
  "epoch": 10,
  "ir": 0.02,
  "level_0_0": 0.020203147194835736,
  "level_0_1": 0.1977517696998855,
  "level_1_0": 0.27989824300607014,
  "level_1_1": 0.3555892996237664,
  "level_2_0": 0.7498556282869887,
  "level_2_1": 0.27281279871498243,
  "level_3_0": 0.5791643669678047,
  "level_3_1": 0.5445130349204407,
  "lr": "4e-5",
  "magnitude": 0.8,
  "max_seq_length": 128,
  "method": "taa",
  "model": {
    "type": "Bert"
  },
  "n_aug": 1,
  "num_cpus": 40,
  "num_gpus": 1,
  "num_op": 2,
  "num_policy": 4,
  "num_search": 200,
  "per_device_eval_batch_size": 128,
  "per_device_train_batch_size": 64,
  "policy_0_0": 1,
  "policy_0_1": 3,
  "policy_1_0": 4,
  "policy_1_1": 2,
  "policy_2_0": 3,
  "policy_2_1": 4,
  "policy_3_0": 0,
  "policy_3_1": 3,
  "prob_0_0": 0.08275711721661827,
  "prob_0_1": 0.2808997885213078,
  "prob_1_0": 0.830339179341132,
  "prob_1_1": 0.8402742421449682,
  "prob_2_0": 0.8237845807141174,
  "prob_2_1": 0.49467006143919146,
  "prob_3_0": 0.06179210853843098,
  "prob_3_1": 0.9220659947610359,
  "redis": "localhost:6379",
  "seed": 59,
  "smoke": {
    "test": false
  },
  "tag": "pretrained_trail1_train-npc1000_n-aug1",
  "test": {
    "npc": 30
  },
  "topN": 3,
  "trail": 1,
  "train": {
    "npc": 1000
  },
  "until": 5,
  "valid": {
    "npc": 30
  }
}