{
  "_version": 1,
  "abspath": "~/examples/examples/pytorch/text-autoaugment",
  "aug": null,
  "config": [
    "taa/confs/bert_sst2_example.yaml"
  ],
  "dataset": {
    "data_dir": null,
    "data_files": null,
    "name": "sst2",
    "path": "glue",
    "text_key": "sentence"
  },
  "epoch": 10,
  "ir": 0.02,
  "level_0_0": 0.7669398441082428,
  "level_0_1": 0.07348248116938783,
  "level_1_0": 0.31216364527076634,
  "level_1_1": 0.3612684439332684,
  "level_2_0": 0.2050395751836318,
  "level_2_1": 0.2383859437009168,
  "level_3_0": 0.541316244423762,
  "level_3_1": 0.574242739910951,
  "lr": "4e-5",
  "magnitude": 0.8,
  "max_seq_length": 128,
  "method": "taa",
  "model": {
    "type": "Bert"
  },
  "n_aug": 1,
  "num_cpus": 40,
  "num_gpus": 1,
  "num_op": 2,
  "num_policy": 4,
  "num_search": 200,
  "per_device_eval_batch_size": 128,
  "per_device_train_batch_size": 64,
  "policy_0_0": 3,
  "policy_0_1": 3,
  "policy_1_0": 1,
  "policy_1_1": 4,
  "policy_2_0": 0,
  "policy_2_1": 1,
  "policy_3_0": 0,
  "policy_3_1": 1,
  "prob_0_0": 0.9792302127881388,
  "prob_0_1": 0.09063715487830115,
  "prob_1_0": 0.2629450835220265,
  "prob_1_1": 0.5771356867663078,
  "prob_2_0": 0.09965365595415276,
  "prob_2_1": 0.299114852740592,
  "prob_3_0": 0.7757430633443954,
  "prob_3_1": 0.3190207708522884,
  "redis": "localhost:6379",
  "seed": 59,
  "smoke": {
    "test": false
  },
  "tag": "pretrained_trail1_train-npc1000_n-aug1",
  "test": {
    "npc": 30
  },
  "topN": 3,
  "trail": 1,
  "train": {
    "npc": 1000
  },
  "until": 5,
  "valid": {
    "npc": 30
  }
}