{
  "_version": 1,
  "abspath": "/home/jovyan/examples/examples/pytorch/text-autoaugment",
  "aug": null,
  "config": [
    "taa/confs/bert_sst2_example.yaml"
  ],
  "dataset": {
    "data_dir": null,
    "data_files": null,
    "name": "sst2",
    "path": "glue",
    "text_key": "sentence"
  },
  "epoch": 1,
  "ir": 0.02,
  "level_0_0": 0.48236819471877557,
  "level_0_1": 0.12472609620108732,
  "level_1_0": 0.21631498184897358,
  "level_1_1": 0.7729412202661301,
  "level_2_0": 0.730706729700438,
  "level_2_1": 0.8435315801186646,
  "level_3_0": 0.21768271096076375,
  "level_3_1": 0.9601701751274809,
  "lr": "4e-5",
  "magnitude": 0.8,
  "max_seq_length": 128,
  "method": "taa",
  "model": {
    "type": "Bert"
  },
  "n_aug": 1,
  "num_cpus": 40,
  "num_gpus": 1,
  "num_op": 2,
  "num_policy": 4,
  "num_search": 200,
  "per_device_eval_batch_size": 128,
  "per_device_train_batch_size": 16,
  "policy_0_0": 2,
  "policy_0_1": 1,
  "policy_1_0": 1,
  "policy_1_1": 1,
  "policy_2_0": 4,
  "policy_2_1": 2,
  "policy_3_0": 2,
  "policy_3_1": 0,
  "prob_0_0": 0.7584989212089733,
  "prob_0_1": 0.6083831981086123,
  "prob_1_0": 0.5912956726358778,
  "prob_1_1": 0.02699725597040925,
  "prob_2_0": 0.4722128774668283,
  "prob_2_1": 0.8335557792612619,
  "prob_3_0": 0.8589118386216068,
  "prob_3_1": 0.2783263364833555,
  "redis": "localhost:6379",
  "seed": 59,
  "smoke": {
    "test": false
  },
  "tag": "pretrained_trail1_train-npc1000_n-aug1",
  "test": {
    "npc": 30
  },
  "topN": 3,
  "trail": 1,
  "train": {
    "npc": 1000
  },
  "until": 5,
  "valid": {
    "npc": 30
  }
}