{
  "_version": 1,
  "abspath": "/home/jovyan/examples/examples/pytorch/text-autoaugment",
  "aug": null,
  "config": [
    "taa/confs/bert_sst2_example.yaml"
  ],
  "dataset": {
    "data_dir": null,
    "data_files": null,
    "name": "sst2",
    "path": "glue",
    "text_key": "sentence"
  },
  "epoch": 1,
  "ir": 0.02,
  "level_0_0": 0.38863484942362525,
  "level_0_1": 0.890109600761219,
  "level_1_0": 0.4841048129537686,
  "level_1_1": 0.16053875982397814,
  "level_2_0": 0.9309817103053752,
  "level_2_1": 0.6628070493566908,
  "level_3_0": 0.0890112971687802,
  "level_3_1": 0.1377057132998586,
  "lr": "4e-5",
  "magnitude": 0.8,
  "max_seq_length": 128,
  "method": "taa",
  "model": {
    "type": "Bert"
  },
  "n_aug": 1,
  "num_cpus": 40,
  "num_gpus": 1,
  "num_op": 2,
  "num_policy": 4,
  "num_search": 200,
  "per_device_eval_batch_size": 128,
  "per_device_train_batch_size": 16,
  "policy_0_0": 3,
  "policy_0_1": 2,
  "policy_1_0": 2,
  "policy_1_1": 0,
  "policy_2_0": 2,
  "policy_2_1": 3,
  "policy_3_0": 0,
  "policy_3_1": 0,
  "prob_0_0": 0.7412604312336687,
  "prob_0_1": 0.7973682835342909,
  "prob_1_0": 0.8068885046612059,
  "prob_1_1": 0.8420737516637296,
  "prob_2_0": 0.605944575823594,
  "prob_2_1": 0.3330438452144614,
  "prob_3_0": 0.8250314626469809,
  "prob_3_1": 0.2270439397073548,
  "redis": "localhost:6379",
  "seed": 59,
  "smoke": {
    "test": false
  },
  "tag": "pretrained_trail1_train-npc1000_n-aug1",
  "test": {
    "npc": 30
  },
  "topN": 3,
  "trail": 1,
  "train": {
    "npc": 1000
  },
  "until": 5,
  "valid": {
    "npc": 30
  }
}