{
  "_version": 1,
  "abspath": "/home/jovyan/examples/examples/pytorch/text-autoaugment",
  "aug": null,
  "config": [
    "taa/confs/bert_sst2_example.yaml"
  ],
  "dataset": {
    "data_dir": null,
    "data_files": null,
    "name": "sst2",
    "path": "glue",
    "text_key": "sentence"
  },
  "epoch": 1,
  "ir": 0.02,
  "level_0_0": 0.31547736727122566,
  "level_0_1": 0.22936408682753506,
  "level_1_0": 0.9090561337219405,
  "level_1_1": 0.7949680729970011,
  "level_2_0": 0.7390814082490598,
  "level_2_1": 0.21768714282686186,
  "level_3_0": 0.5155112905673437,
  "level_3_1": 0.6425675337322482,
  "lr": "4e-5",
  "magnitude": 0.8,
  "max_seq_length": 128,
  "method": "taa",
  "model": {
    "type": "Bert"
  },
  "n_aug": 1,
  "num_cpus": 40,
  "num_gpus": 1,
  "num_op": 2,
  "num_policy": 4,
  "num_search": 200,
  "per_device_eval_batch_size": 128,
  "per_device_train_batch_size": 16,
  "policy_0_0": 2,
  "policy_0_1": 0,
  "policy_1_0": 3,
  "policy_1_1": 4,
  "policy_2_0": 1,
  "policy_2_1": 0,
  "policy_3_0": 1,
  "policy_3_1": 0,
  "prob_0_0": 0.6496379710359843,
  "prob_0_1": 0.788581394867331,
  "prob_1_0": 0.7895992590160729,
  "prob_1_1": 0.6578311509501414,
  "prob_2_0": 0.6003586163212227,
  "prob_2_1": 0.11871498388849155,
  "prob_3_0": 0.4909186145520684,
  "prob_3_1": 0.6287554564523744,
  "redis": "localhost:6379",
  "seed": 59,
  "smoke": {
    "test": false
  },
  "tag": "pretrained_trail1_train-npc1000_n-aug1",
  "test": {
    "npc": 30
  },
  "topN": 3,
  "trail": 1,
  "train": {
    "npc": 1000
  },
  "until": 5,
  "valid": {
    "npc": 30
  }
}