{
  "_version": 1,
  "abspath": "/home/jovyan/examples/examples/pytorch/text-autoaugment",
  "aug": null,
  "config": [
    "taa/confs/bert_sst2_example.yaml"
  ],
  "dataset": {
    "data_dir": null,
    "data_files": null,
    "name": "sst2",
    "path": "glue",
    "text_key": "sentence"
  },
  "epoch": 1,
  "ir": 0.02,
  "level_0_0": 0.9972666773771028,
  "level_0_1": 0.903243539303904,
  "level_1_0": 0.5170779206648608,
  "level_1_1": 0.8009537343325844,
  "level_2_0": 0.11431851935446213,
  "level_2_1": 0.6634273087784385,
  "level_3_0": 0.2314722541190607,
  "level_3_1": 0.6130837890625304,
  "lr": "4e-5",
  "magnitude": 0.8,
  "max_seq_length": 128,
  "method": "taa",
  "model": {
    "type": "Bert"
  },
  "n_aug": 1,
  "num_cpus": 40,
  "num_gpus": 1,
  "num_op": 2,
  "num_policy": 4,
  "num_search": 200,
  "per_device_eval_batch_size": 128,
  "per_device_train_batch_size": 16,
  "policy_0_0": 1,
  "policy_0_1": 3,
  "policy_1_0": 0,
  "policy_1_1": 2,
  "policy_2_0": 4,
  "policy_2_1": 3,
  "policy_3_0": 3,
  "policy_3_1": 4,
  "prob_0_0": 0.7626213799153598,
  "prob_0_1": 0.9995693317828519,
  "prob_1_0": 0.7704173200929088,
  "prob_1_1": 0.5739643652640941,
  "prob_2_0": 0.5781190714944517,
  "prob_2_1": 0.2789690733779905,
  "prob_3_0": 0.7972595216507355,
  "prob_3_1": 0.8200986541622015,
  "redis": "localhost:6379",
  "seed": 59,
  "smoke": {
    "test": false
  },
  "tag": "pretrained_trail1_train-npc1000_n-aug1",
  "test": {
    "npc": 30
  },
  "topN": 3,
  "trail": 1,
  "train": {
    "npc": 1000
  },
  "until": 5,
  "valid": {
    "npc": 30
  }
}