{
  "_version": 1,
  "abspath": "/home/jovyan/examples/examples/pytorch/text-autoaugment",
  "aug": null,
  "config": [
    "taa/confs/bert_sst2_example.yaml"
  ],
  "dataset": {
    "data_dir": null,
    "data_files": null,
    "name": "sst2",
    "path": "glue",
    "text_key": "sentence"
  },
  "epoch": 1,
  "ir": 0.02,
  "level_0_0": 0.9437351845942726,
  "level_0_1": 0.7357734475376141,
  "level_1_0": 0.43308070105613083,
  "level_1_1": 0.5362367498260947,
  "level_2_0": 0.5328931853048354,
  "level_2_1": 0.05533199661496058,
  "level_3_0": 0.5003987561170916,
  "level_3_1": 0.40370754960451516,
  "lr": "4e-5",
  "magnitude": 0.8,
  "max_seq_length": 128,
  "method": "taa",
  "model": {
    "type": "Bert"
  },
  "n_aug": 1,
  "num_cpus": 40,
  "num_gpus": 1,
  "num_op": 2,
  "num_policy": 4,
  "num_search": 200,
  "per_device_eval_batch_size": 128,
  "per_device_train_batch_size": 16,
  "policy_0_0": 0,
  "policy_0_1": 3,
  "policy_1_0": 1,
  "policy_1_1": 4,
  "policy_2_0": 4,
  "policy_2_1": 0,
  "policy_3_0": 3,
  "policy_3_1": 4,
  "prob_0_0": 0.30236197516145635,
  "prob_0_1": 0.9154943970594737,
  "prob_1_0": 0.4640282935775063,
  "prob_1_1": 0.7534987113281383,
  "prob_2_0": 0.23214553237990898,
  "prob_2_1": 0.18565900008711878,
  "prob_3_0": 0.7208611334477169,
  "prob_3_1": 0.5280247495162751,
  "redis": "localhost:6379",
  "seed": 59,
  "smoke": {
    "test": false
  },
  "tag": "pretrained_trail1_train-npc1000_n-aug1",
  "test": {
    "npc": 30
  },
  "topN": 3,
  "trail": 1,
  "train": {
    "npc": 1000
  },
  "until": 5,
  "valid": {
    "npc": 30
  }
}