{
  "_version": 1,
  "abspath": "/home/jovyan/examples/examples/pytorch/text-autoaugment",
  "aug": null,
  "config": [
    "taa/confs/bert_sst2_example.yaml"
  ],
  "dataset": {
    "data_dir": null,
    "data_files": null,
    "name": "sst2",
    "path": "glue",
    "text_key": "sentence"
  },
  "epoch": 1,
  "ir": 0.02,
  "level_0_0": 0.5976080755288369,
  "level_0_1": 0.36374568410016506,
  "level_1_0": 0.39527099471704197,
  "level_1_1": 0.8436185722372388,
  "level_2_0": 0.2948050558493427,
  "level_2_1": 0.6502136397395126,
  "level_3_0": 0.1862514461742626,
  "level_3_1": 0.4998201248633751,
  "lr": "4e-5",
  "magnitude": 0.8,
  "max_seq_length": 128,
  "method": "taa",
  "model": {
    "type": "Bert"
  },
  "n_aug": 1,
  "num_cpus": 40,
  "num_gpus": 1,
  "num_op": 2,
  "num_policy": 4,
  "num_search": 200,
  "per_device_eval_batch_size": 128,
  "per_device_train_batch_size": 16,
  "policy_0_0": 1,
  "policy_0_1": 4,
  "policy_1_0": 0,
  "policy_1_1": 3,
  "policy_2_0": 0,
  "policy_2_1": 0,
  "policy_3_0": 0,
  "policy_3_1": 0,
  "prob_0_0": 0.3674048915053473,
  "prob_0_1": 0.8816072247947616,
  "prob_1_0": 0.5072764255676486,
  "prob_1_1": 0.14157729053775525,
  "prob_2_0": 0.6671852392202895,
  "prob_2_1": 0.6151329335513857,
  "prob_3_0": 0.5471438204912178,
  "prob_3_1": 0.22487415611592287,
  "redis": "localhost:6379",
  "seed": 59,
  "smoke": {
    "test": false
  },
  "tag": "pretrained_trail1_train-npc1000_n-aug1",
  "test": {
    "npc": 30
  },
  "topN": 3,
  "trail": 1,
  "train": {
    "npc": 1000
  },
  "until": 5,
  "valid": {
    "npc": 30
  }
}