{
  "_version": 1,
  "abspath": "/home/jovyan/examples/examples/pytorch/text-autoaugment",
  "aug": null,
  "config": [
    "taa/confs/bert_sst2_example.yaml"
  ],
  "dataset": {
    "data_dir": null,
    "data_files": null,
    "name": "sst2",
    "path": "glue",
    "text_key": "sentence"
  },
  "epoch": 1,
  "ir": 0.02,
  "level_0_0": 0.43840663430388027,
  "level_0_1": 0.22519351520981834,
  "level_1_0": 0.583024493784115,
  "level_1_1": 0.7192789310317448,
  "level_2_0": 0.21793938528839885,
  "level_2_1": 0.7846037948464815,
  "level_3_0": 0.6356134912232398,
  "level_3_1": 0.04918534751337433,
  "lr": "4e-5",
  "magnitude": 0.8,
  "max_seq_length": 128,
  "method": "taa",
  "model": {
    "type": "Bert"
  },
  "n_aug": 1,
  "num_cpus": 40,
  "num_gpus": 1,
  "num_op": 2,
  "num_policy": 4,
  "num_search": 200,
  "per_device_eval_batch_size": 128,
  "per_device_train_batch_size": 16,
  "policy_0_0": 4,
  "policy_0_1": 1,
  "policy_1_0": 4,
  "policy_1_1": 1,
  "policy_2_0": 4,
  "policy_2_1": 0,
  "policy_3_0": 0,
  "policy_3_1": 1,
  "prob_0_0": 0.037410360473026705,
  "prob_0_1": 0.4610555563203692,
  "prob_1_0": 0.6518320941505735,
  "prob_1_1": 0.5585265564771201,
  "prob_2_0": 0.0997178874925353,
  "prob_2_1": 0.9267856186570621,
  "prob_3_0": 0.8046183260358575,
  "prob_3_1": 0.2967480642784054,
  "redis": "localhost:6379",
  "seed": 59,
  "smoke": {
    "test": false
  },
  "tag": "pretrained_trail1_train-npc1000_n-aug1",
  "test": {
    "npc": 30
  },
  "topN": 3,
  "trail": 1,
  "train": {
    "npc": 1000
  },
  "until": 5,
  "valid": {
    "npc": 30
  }
}