{
  "_version": 1,
  "abspath": "/home/jovyan/examples/examples/pytorch/text-autoaugment",
  "aug": null,
  "config": [
    "taa/confs/bert_sst2_example.yaml"
  ],
  "dataset": {
    "data_dir": null,
    "data_files": null,
    "name": "sst2",
    "path": "glue",
    "text_key": "sentence"
  },
  "epoch": 10,
  "ir": 0.02,
  "level_0_0": 0.8766316784535658,
  "level_0_1": 0.3916301402520074,
  "level_1_0": 0.9672917032146979,
  "level_1_1": 0.1592579438168642,
  "level_2_0": 0.5501428819370455,
  "level_2_1": 0.6804190290648275,
  "level_3_0": 0.7004057664478951,
  "level_3_1": 0.6052845069295849,
  "lr": "4e-5",
  "magnitude": 0.8,
  "max_seq_length": 128,
  "method": "taa",
  "model": {
    "type": "Bert"
  },
  "n_aug": 1,
  "num_cpus": 40,
  "num_gpus": 1,
  "num_op": 2,
  "num_policy": 4,
  "num_search": 200,
  "per_device_eval_batch_size": 128,
  "per_device_train_batch_size": 64,
  "policy_0_0": 1,
  "policy_0_1": 2,
  "policy_1_0": 1,
  "policy_1_1": 3,
  "policy_2_0": 2,
  "policy_2_1": 1,
  "policy_3_0": 3,
  "policy_3_1": 2,
  "prob_0_0": 0.4393511251780092,
  "prob_0_1": 0.20086386996762107,
  "prob_1_0": 0.08333812542661834,
  "prob_1_1": 0.23763821687085096,
  "prob_2_0": 0.029569856274038075,
  "prob_2_1": 0.8704143590586649,
  "prob_3_0": 0.5875626006962391,
  "prob_3_1": 0.07094401832606223,
  "redis": "localhost:6379",
  "seed": 59,
  "smoke": {
    "test": false
  },
  "tag": "pretrained_trail1_train-npc1000_n-aug1",
  "test": {
    "npc": 30
  },
  "topN": 3,
  "trail": 1,
  "train": {
    "npc": 1000
  },
  "until": 5,
  "valid": {
    "npc": 30
  }
}