{
  "_version": 1,
  "abspath": "/home/jovyan/examples/examples/pytorch/text-autoaugment",
  "aug": null,
  "config": [
    "taa/confs/bert_sst2_example.yaml"
  ],
  "dataset": {
    "data_dir": null,
    "data_files": null,
    "name": "sst2",
    "path": "glue",
    "text_key": "sentence"
  },
  "epoch": 1,
  "ir": 0.02,
  "level_0_0": 0.27074646655328705,
  "level_0_1": 0.048143747517507274,
  "level_1_0": 0.39469025577024097,
  "level_1_1": 0.7415549823041072,
  "level_2_0": 0.5228083171021025,
  "level_2_1": 0.8411222108008322,
  "level_3_0": 0.08303861514189914,
  "level_3_1": 0.7232329963426549,
  "lr": "4e-5",
  "magnitude": 0.8,
  "max_seq_length": 128,
  "method": "taa",
  "model": {
    "type": "Bert"
  },
  "n_aug": 1,
  "num_cpus": 40,
  "num_gpus": 1,
  "num_op": 2,
  "num_policy": 4,
  "num_search": 200,
  "per_device_eval_batch_size": 128,
  "per_device_train_batch_size": 16,
  "policy_0_0": 0,
  "policy_0_1": 2,
  "policy_1_0": 4,
  "policy_1_1": 2,
  "policy_2_0": 3,
  "policy_2_1": 3,
  "policy_3_0": 2,
  "policy_3_1": 2,
  "prob_0_0": 0.6418571548288142,
  "prob_0_1": 0.6512439899012025,
  "prob_1_0": 0.22642702911443602,
  "prob_1_1": 0.9038495927803718,
  "prob_2_0": 0.5448940561379183,
  "prob_2_1": 0.9162682995405237,
  "prob_3_0": 0.561666746114182,
  "prob_3_1": 0.3630581244843709,
  "redis": "localhost:6379",
  "seed": 59,
  "smoke": {
    "test": false
  },
  "tag": "pretrained_trail1_train-npc1000_n-aug1",
  "test": {
    "npc": 30
  },
  "topN": 3,
  "trail": 1,
  "train": {
    "npc": 1000
  },
  "until": 5,
  "valid": {
    "npc": 30
  }
}