{
  "_version": 1,
  "abspath": "/home/jovyan/examples/examples/pytorch/text-autoaugment",
  "aug": null,
  "config": [
    "taa/confs/bert_sst2_example.yaml"
  ],
  "dataset": {
    "data_dir": null,
    "data_files": null,
    "name": "sst2",
    "path": "glue",
    "text_key": "sentence"
  },
  "epoch": 1,
  "ir": 0.02,
  "level_0_0": 0.9793814824440567,
  "level_0_1": 0.5389319044369084,
  "level_1_0": 0.5342960436803504,
  "level_1_1": 0.20653879418119403,
  "level_2_0": 0.5599770223859191,
  "level_2_1": 0.47025275434503055,
  "level_3_0": 0.39495132513208553,
  "level_3_1": 0.6117543715614081,
  "lr": "4e-5",
  "magnitude": 0.8,
  "max_seq_length": 128,
  "method": "taa",
  "model": {
    "type": "Bert"
  },
  "n_aug": 1,
  "num_cpus": 40,
  "num_gpus": 1,
  "num_op": 2,
  "num_policy": 4,
  "num_search": 200,
  "per_device_eval_batch_size": 128,
  "per_device_train_batch_size": 16,
  "policy_0_0": 2,
  "policy_0_1": 1,
  "policy_1_0": 4,
  "policy_1_1": 3,
  "policy_2_0": 3,
  "policy_2_1": 2,
  "policy_3_0": 0,
  "policy_3_1": 1,
  "prob_0_0": 0.5711328830930991,
  "prob_0_1": 0.5623744131510175,
  "prob_1_0": 0.004548241542200793,
  "prob_1_1": 0.16441602642772524,
  "prob_2_0": 0.02490158502637263,
  "prob_2_1": 0.1056509241152227,
  "prob_3_0": 0.30161559000328797,
  "prob_3_1": 0.887895591995253,
  "redis": "localhost:6379",
  "seed": 59,
  "smoke": {
    "test": false
  },
  "tag": "pretrained_trail1_train-npc1000_n-aug1",
  "test": {
    "npc": 30
  },
  "topN": 3,
  "trail": 1,
  "train": {
    "npc": 1000
  },
  "until": 5,
  "valid": {
    "npc": 30
  }
}