{
  "_version": 1,
  "abspath": "/home/jovyan/examples/examples/pytorch/text-autoaugment",
  "aug": null,
  "config": [
    "taa/confs/bert_sst2_example.yaml"
  ],
  "dataset": {
    "data_dir": null,
    "data_files": null,
    "name": "sst2",
    "path": "glue",
    "text_key": "sentence"
  },
  "epoch": 1,
  "ir": 0.02,
  "level_0_0": 0.2459155083173512,
  "level_0_1": 0.22916430608236849,
  "level_1_0": 0.09529758540828892,
  "level_1_1": 0.11327197759760299,
  "level_2_0": 0.3203494616495449,
  "level_2_1": 0.07547701887376124,
  "level_3_0": 0.12774310069140493,
  "level_3_1": 0.7449137543927046,
  "lr": "4e-5",
  "magnitude": 0.8,
  "max_seq_length": 128,
  "method": "taa",
  "model": {
    "type": "Bert"
  },
  "n_aug": 1,
  "num_cpus": 40,
  "num_gpus": 1,
  "num_op": 2,
  "num_policy": 4,
  "num_search": 200,
  "per_device_eval_batch_size": 128,
  "per_device_train_batch_size": 16,
  "policy_0_0": 1,
  "policy_0_1": 3,
  "policy_1_0": 4,
  "policy_1_1": 2,
  "policy_2_0": 1,
  "policy_2_1": 2,
  "policy_3_0": 2,
  "policy_3_1": 2,
  "prob_0_0": 0.9389919964821462,
  "prob_0_1": 0.6167980092914059,
  "prob_1_0": 0.07131165495218705,
  "prob_1_1": 0.24619441021783683,
  "prob_2_0": 0.7773514078084213,
  "prob_2_1": 0.3439074539222995,
  "prob_3_0": 0.04312835995017017,
  "prob_3_1": 0.1476807045467955,
  "redis": "localhost:6379",
  "seed": 59,
  "smoke": {
    "test": false
  },
  "tag": "pretrained_trail1_train-npc1000_n-aug1",
  "test": {
    "npc": 30
  },
  "topN": 3,
  "trail": 1,
  "train": {
    "npc": 1000
  },
  "until": 5,
  "valid": {
    "npc": 30
  }
}