{
  "_version": 1,
  "abspath": "/home/jovyan/examples/examples/pytorch/text-autoaugment",
  "aug": null,
  "config": [
    "taa/confs/bert_sst2_example.yaml"
  ],
  "dataset": {
    "data_dir": null,
    "data_files": null,
    "name": "sst2",
    "path": "glue",
    "text_key": "sentence"
  },
  "epoch": 10,
  "ir": 0.02,
  "level_0_0": 0.5263779502641809,
  "level_0_1": 0.9547996390231196,
  "level_1_0": 0.8256495876419051,
  "level_1_1": 0.5305290939422459,
  "level_2_0": 0.8194256103697376,
  "level_2_1": 0.9032476275248656,
  "level_3_0": 0.32816057366287377,
  "level_3_1": 0.8310768541505408,
  "lr": "4e-5",
  "magnitude": 0.8,
  "max_seq_length": 128,
  "method": "taa",
  "model": {
    "type": "Bert"
  },
  "n_aug": 1,
  "num_cpus": 40,
  "num_gpus": 1,
  "num_op": 2,
  "num_policy": 4,
  "num_search": 200,
  "per_device_eval_batch_size": 128,
  "per_device_train_batch_size": 64,
  "policy_0_0": 2,
  "policy_0_1": 4,
  "policy_1_0": 1,
  "policy_1_1": 1,
  "policy_2_0": 1,
  "policy_2_1": 3,
  "policy_3_0": 4,
  "policy_3_1": 2,
  "prob_0_0": 0.6269409827007814,
  "prob_0_1": 0.24922563814806253,
  "prob_1_0": 0.5554783715071432,
  "prob_1_1": 0.6283547312613227,
  "prob_2_0": 0.9606815240582008,
  "prob_2_1": 0.6570807209074012,
  "prob_3_0": 0.8589093595548585,
  "prob_3_1": 0.6103130008037572,
  "redis": "localhost:6379",
  "seed": 59,
  "smoke": {
    "test": false
  },
  "tag": "pretrained_trail1_train-npc1000_n-aug1",
  "test": {
    "npc": 30
  },
  "topN": 3,
  "trail": 1,
  "train": {
    "npc": 1000
  },
  "until": 5,
  "valid": {
    "npc": 30
  }
}