{
  "_version": 1,
  "abspath": "/home/jovyan/examples/examples/pytorch/text-autoaugment",
  "aug": null,
  "config": [
    "taa/confs/bert_sst2_example.yaml"
  ],
  "dataset": {
    "data_dir": null,
    "data_files": null,
    "name": "sst2",
    "path": "glue",
    "text_key": "sentence"
  },
  "epoch": 10,
  "ir": 0.02,
  "level_0_0": 0.6239415185406642,
  "level_0_1": 0.9680059910614219,
  "level_1_0": 0.37063881652898234,
  "level_1_1": 0.7922563556703941,
  "level_2_0": 0.6530641362479718,
  "level_2_1": 0.6724956104656304,
  "level_3_0": 0.919399493309019,
  "level_3_1": 0.8053139593149629,
  "lr": "4e-5",
  "magnitude": 0.8,
  "max_seq_length": 128,
  "method": "taa",
  "model": {
    "type": "Bert"
  },
  "n_aug": 1,
  "num_cpus": 40,
  "num_gpus": 1,
  "num_op": 2,
  "num_policy": 4,
  "num_search": 200,
  "per_device_eval_batch_size": 128,
  "per_device_train_batch_size": 64,
  "policy_0_0": 3,
  "policy_0_1": 1,
  "policy_1_0": 0,
  "policy_1_1": 3,
  "policy_2_0": 2,
  "policy_2_1": 0,
  "policy_3_0": 3,
  "policy_3_1": 2,
  "prob_0_0": 0.35256746198405853,
  "prob_0_1": 0.4279279854456647,
  "prob_1_0": 0.28159711759212,
  "prob_1_1": 0.502897108588848,
  "prob_2_0": 0.38081269380349825,
  "prob_2_1": 0.9572747704302375,
  "prob_3_0": 0.20033961134789413,
  "prob_3_1": 0.17194503815428763,
  "redis": "localhost:6379",
  "seed": 59,
  "smoke": {
    "test": false
  },
  "tag": "pretrained_trail1_train-npc1000_n-aug1",
  "test": {
    "npc": 30
  },
  "topN": 3,
  "trail": 1,
  "train": {
    "npc": 1000
  },
  "until": 5,
  "valid": {
    "npc": 30
  }
}