{
  "_version": 1,
  "abspath": "/home/jovyan/examples/examples/pytorch/text-autoaugment",
  "aug": null,
  "config": [
    "taa/confs/bert_sst2_example.yaml"
  ],
  "dataset": {
    "data_dir": null,
    "data_files": null,
    "name": "sst2",
    "path": "glue",
    "text_key": "sentence"
  },
  "epoch": 1,
  "ir": 0.02,
  "level_0_0": 0.035934555728975526,
  "level_0_1": 0.869664137125949,
  "level_1_0": 0.032266254939784744,
  "level_1_1": 0.55554289145539,
  "level_2_0": 0.07676642899178299,
  "level_2_1": 0.7856881839184893,
  "level_3_0": 0.4292138059444349,
  "level_3_1": 0.4724166990701034,
  "lr": "4e-5",
  "magnitude": 0.8,
  "max_seq_length": 128,
  "method": "taa",
  "model": {
    "type": "Bert"
  },
  "n_aug": 1,
  "num_cpus": 40,
  "num_gpus": 1,
  "num_op": 2,
  "num_policy": 4,
  "num_search": 200,
  "per_device_eval_batch_size": 128,
  "per_device_train_batch_size": 16,
  "policy_0_0": 3,
  "policy_0_1": 4,
  "policy_1_0": 2,
  "policy_1_1": 1,
  "policy_2_0": 3,
  "policy_2_1": 1,
  "policy_3_0": 2,
  "policy_3_1": 2,
  "prob_0_0": 0.8115938584274143,
  "prob_0_1": 0.4557810967974746,
  "prob_1_0": 0.25483925312409395,
  "prob_1_1": 0.9423030346017606,
  "prob_2_0": 0.6324813777544238,
  "prob_2_1": 0.8009632184962655,
  "prob_3_0": 0.3664786322330762,
  "prob_3_1": 0.3997871631576041,
  "redis": "localhost:6379",
  "seed": 59,
  "smoke": {
    "test": false
  },
  "tag": "pretrained_trail1_train-npc1000_n-aug1",
  "test": {
    "npc": 30
  },
  "topN": 3,
  "trail": 1,
  "train": {
    "npc": 1000
  },
  "until": 5,
  "valid": {
    "npc": 30
  }
}