{
  "_version": 1,
  "abspath": "/home/jovyan/examples/examples/pytorch/text-autoaugment",
  "aug": null,
  "config": [
    "taa/confs/bert_sst2_example.yaml"
  ],
  "dataset": {
    "data_dir": null,
    "data_files": null,
    "name": "sst2",
    "path": "glue",
    "text_key": "sentence"
  },
  "epoch": 1,
  "ir": 0.02,
  "level_0_0": 0.4351034813229189,
  "level_0_1": 0.6817303445964125,
  "level_1_0": 0.04719252157445364,
  "level_1_1": 0.8987277156444919,
  "level_2_0": 0.6270430244172652,
  "level_2_1": 0.4951756914848834,
  "level_3_0": 0.38166494200424006,
  "level_3_1": 0.6990604565209296,
  "lr": "4e-5",
  "magnitude": 0.8,
  "max_seq_length": 128,
  "method": "taa",
  "model": {
    "type": "Bert"
  },
  "n_aug": 1,
  "num_cpus": 40,
  "num_gpus": 1,
  "num_op": 2,
  "num_policy": 4,
  "num_search": 200,
  "per_device_eval_batch_size": 128,
  "per_device_train_batch_size": 16,
  "policy_0_0": 2,
  "policy_0_1": 1,
  "policy_1_0": 2,
  "policy_1_1": 1,
  "policy_2_0": 2,
  "policy_2_1": 0,
  "policy_3_0": 4,
  "policy_3_1": 2,
  "prob_0_0": 0.9740315071771771,
  "prob_0_1": 0.8283019800163754,
  "prob_1_0": 0.7576032926299308,
  "prob_1_1": 0.5743410072362695,
  "prob_2_0": 0.0734640848162107,
  "prob_2_1": 0.7627447252037287,
  "prob_3_0": 0.07911261345006304,
  "prob_3_1": 0.9987970185553698,
  "redis": "localhost:6379",
  "seed": 59,
  "smoke": {
    "test": false
  },
  "tag": "pretrained_trail1_train-npc1000_n-aug1",
  "test": {
    "npc": 30
  },
  "topN": 3,
  "trail": 1,
  "train": {
    "npc": 1000
  },
  "until": 5,
  "valid": {
    "npc": 30
  }
}