{
  "_version": 1,
  "abspath": "/home/jovyan/examples/examples/pytorch/text-autoaugment",
  "aug": null,
  "config": [
    "taa/confs/bert_sst2_example.yaml"
  ],
  "dataset": {
    "data_dir": null,
    "data_files": null,
    "name": "sst2",
    "path": "glue",
    "text_key": "sentence"
  },
  "epoch": 1,
  "ir": 0.02,
  "level_0_0": 0.07095818008817645,
  "level_0_1": 0.5797774346376061,
  "level_1_0": 0.03661944749782842,
  "level_1_1": 0.9517624993075001,
  "level_2_0": 0.9789142220349948,
  "level_2_1": 0.0827262906077626,
  "level_3_0": 0.8030123229642507,
  "level_3_1": 0.4794833627889097,
  "lr": "4e-5",
  "magnitude": 0.8,
  "max_seq_length": 128,
  "method": "taa",
  "model": {
    "type": "Bert"
  },
  "n_aug": 1,
  "num_cpus": 40,
  "num_gpus": 1,
  "num_op": 2,
  "num_policy": 4,
  "num_search": 200,
  "per_device_eval_batch_size": 128,
  "per_device_train_batch_size": 16,
  "policy_0_0": 3,
  "policy_0_1": 2,
  "policy_1_0": 4,
  "policy_1_1": 3,
  "policy_2_0": 0,
  "policy_2_1": 3,
  "policy_3_0": 1,
  "policy_3_1": 3,
  "prob_0_0": 0.4086039751657007,
  "prob_0_1": 0.10134772214899712,
  "prob_1_0": 0.6358279348785894,
  "prob_1_1": 0.8781293438072947,
  "prob_2_0": 0.6577019172862661,
  "prob_2_1": 0.04755041651786629,
  "prob_3_0": 0.668878626889826,
  "prob_3_1": 0.03212475462904263,
  "redis": "localhost:6379",
  "seed": 59,
  "smoke": {
    "test": false
  },
  "tag": "pretrained_trail1_train-npc1000_n-aug1",
  "test": {
    "npc": 30
  },
  "topN": 3,
  "trail": 1,
  "train": {
    "npc": 1000
  },
  "until": 5,
  "valid": {
    "npc": 30
  }
}