{
  "_version": 1,
  "abspath": "/home/jovyan/examples/examples/pytorch/text-autoaugment",
  "aug": null,
  "config": [
    "taa/confs/bert_sst2_example.yaml"
  ],
  "dataset": {
    "data_dir": null,
    "data_files": null,
    "name": "sst2",
    "path": "glue",
    "text_key": "sentence"
  },
  "epoch": 1,
  "ir": 0.02,
  "level_0_0": 0.6423809282381706,
  "level_0_1": 0.673114119017839,
  "level_1_0": 0.3273127234921126,
  "level_1_1": 0.09221066982701076,
  "level_2_0": 0.004372935528879962,
  "level_2_1": 0.6712946899081894,
  "level_3_0": 0.6591100964013163,
  "level_3_1": 0.8642060640383923,
  "lr": "4e-5",
  "magnitude": 0.8,
  "max_seq_length": 128,
  "method": "taa",
  "model": {
    "type": "Bert"
  },
  "n_aug": 1,
  "num_cpus": 40,
  "num_gpus": 1,
  "num_op": 2,
  "num_policy": 4,
  "num_search": 200,
  "per_device_eval_batch_size": 128,
  "per_device_train_batch_size": 16,
  "policy_0_0": 4,
  "policy_0_1": 2,
  "policy_1_0": 1,
  "policy_1_1": 2,
  "policy_2_0": 2,
  "policy_2_1": 0,
  "policy_3_0": 4,
  "policy_3_1": 1,
  "prob_0_0": 0.9302530282145887,
  "prob_0_1": 0.621805346742827,
  "prob_1_0": 0.04922697070016491,
  "prob_1_1": 0.02288832048927092,
  "prob_2_0": 0.9836350750049047,
  "prob_2_1": 0.41635837623698524,
  "prob_3_0": 0.4316244757601869,
  "prob_3_1": 0.5345850874063117,
  "redis": "localhost:6379",
  "seed": 59,
  "smoke": {
    "test": false
  },
  "tag": "pretrained_trail1_train-npc1000_n-aug1",
  "test": {
    "npc": 30
  },
  "topN": 3,
  "trail": 1,
  "train": {
    "npc": 1000
  },
  "until": 5,
  "valid": {
    "npc": 30
  }
}