{
  "_version": 1,
  "abspath": "/home/jovyan/examples/examples/pytorch/text-autoaugment",
  "aug": null,
  "config": [
    "taa/confs/bert_sst2_example.yaml"
  ],
  "dataset": {
    "data_dir": null,
    "data_files": null,
    "name": "sst2",
    "path": "glue",
    "text_key": "sentence"
  },
  "epoch": 1,
  "ir": 0.02,
  "level_0_0": 0.13798400528134402,
  "level_0_1": 0.010742345756175942,
  "level_1_0": 0.13068455167866022,
  "level_1_1": 0.7090653467692472,
  "level_2_0": 0.6475855499352753,
  "level_2_1": 0.11771548400992338,
  "level_3_0": 0.44072085028869257,
  "level_3_1": 0.446093388296555,
  "lr": "4e-5",
  "magnitude": 0.8,
  "max_seq_length": 128,
  "method": "taa",
  "model": {
    "type": "Bert"
  },
  "n_aug": 1,
  "num_cpus": 40,
  "num_gpus": 1,
  "num_op": 2,
  "num_policy": 4,
  "num_search": 200,
  "per_device_eval_batch_size": 128,
  "per_device_train_batch_size": 10,
  "policy_0_0": 1,
  "policy_0_1": 3,
  "policy_1_0": 4,
  "policy_1_1": 3,
  "policy_2_0": 3,
  "policy_2_1": 1,
  "policy_3_0": 4,
  "policy_3_1": 2,
  "prob_0_0": 0.6367795058354171,
  "prob_0_1": 0.2881465566737932,
  "prob_1_0": 0.9286309712062281,
  "prob_1_1": 0.08796885349607753,
  "prob_2_0": 0.4304071773613406,
  "prob_2_1": 0.8553579890852991,
  "prob_3_0": 0.2680554566747826,
  "prob_3_1": 0.2984979470190612,
  "redis": "localhost:6379",
  "seed": 59,
  "smoke": {
    "test": false
  },
  "tag": "pretrained_trail1_train-npc1000_n-aug1",
  "test": {
    "npc": 30
  },
  "topN": 3,
  "trail": 1,
  "train": {
    "npc": 1000
  },
  "until": 5,
  "valid": {
    "npc": 30
  }
}