{
  "_version": 1,
  "abspath": "/home/jovyan/examples/examples/pytorch/text-autoaugment",
  "aug": null,
  "config": [
    "taa/confs/bert_sst2_example.yaml"
  ],
  "dataset": {
    "data_dir": null,
    "data_files": null,
    "name": "sst2",
    "path": "glue",
    "text_key": "sentence"
  },
  "epoch": 1,
  "ir": 0.02,
  "level_0_0": 0.7776724881431584,
  "level_0_1": 0.48117811015117673,
  "level_1_0": 0.5889471634481278,
  "level_1_1": 0.6556574600006779,
  "level_2_0": 0.245496788427774,
  "level_2_1": 0.08970966603094577,
  "level_3_0": 0.03733554962809427,
  "level_3_1": 0.4202921345186178,
  "lr": "4e-5",
  "magnitude": 0.8,
  "max_seq_length": 128,
  "method": "taa",
  "model": {
    "type": "Bert"
  },
  "n_aug": 1,
  "num_cpus": 40,
  "num_gpus": 1,
  "num_op": 2,
  "num_policy": 4,
  "num_search": 200,
  "per_device_eval_batch_size": 128,
  "per_device_train_batch_size": 16,
  "policy_0_0": 3,
  "policy_0_1": 3,
  "policy_1_0": 4,
  "policy_1_1": 3,
  "policy_2_0": 0,
  "policy_2_1": 2,
  "policy_3_0": 4,
  "policy_3_1": 1,
  "prob_0_0": 0.5198693492084487,
  "prob_0_1": 0.19548079974177512,
  "prob_1_0": 0.9325037059251424,
  "prob_1_1": 0.8233502609660379,
  "prob_2_0": 0.22190788778141568,
  "prob_2_1": 0.551348391387694,
  "prob_3_0": 0.3037861992097337,
  "prob_3_1": 0.34514320941964305,
  "redis": "localhost:6379",
  "seed": 59,
  "smoke": {
    "test": false
  },
  "tag": "pretrained_trail1_train-npc1000_n-aug1",
  "test": {
    "npc": 30
  },
  "topN": 3,
  "trail": 1,
  "train": {
    "npc": 1000
  },
  "until": 5,
  "valid": {
    "npc": 30
  }
}