{
  "_version": 1,
  "abspath": "/home/jovyan/examples/examples/pytorch/text-autoaugment",
  "aug": null,
  "config": [
    "taa/confs/bert_sst2_example.yaml"
  ],
  "dataset": {
    "data_dir": null,
    "data_files": null,
    "name": "sst2",
    "path": "glue",
    "text_key": "sentence"
  },
  "epoch": 1,
  "ir": 0.02,
  "level_0_0": 0.326228121078023,
  "level_0_1": 0.4917316691518073,
  "level_1_0": 0.2375262606337447,
  "level_1_1": 0.8649494368200357,
  "level_2_0": 0.5959886268055082,
  "level_2_1": 0.7393932398838612,
  "level_3_0": 0.39081701352701614,
  "level_3_1": 0.5856298311060677,
  "lr": "4e-5",
  "magnitude": 0.8,
  "max_seq_length": 128,
  "method": "taa",
  "model": {
    "type": "Bert"
  },
  "n_aug": 1,
  "num_cpus": 40,
  "num_gpus": 1,
  "num_op": 2,
  "num_policy": 4,
  "num_search": 200,
  "per_device_eval_batch_size": 128,
  "per_device_train_batch_size": 16,
  "policy_0_0": 2,
  "policy_0_1": 4,
  "policy_1_0": 0,
  "policy_1_1": 2,
  "policy_2_0": 0,
  "policy_2_1": 3,
  "policy_3_0": 4,
  "policy_3_1": 3,
  "prob_0_0": 0.5383743802507068,
  "prob_0_1": 0.07932477859997888,
  "prob_1_0": 0.25464992652737917,
  "prob_1_1": 0.33640240854552506,
  "prob_2_0": 0.4557323518587153,
  "prob_2_1": 0.5652268913494403,
  "prob_3_0": 0.04848349823930209,
  "prob_3_1": 0.5148382898163715,
  "redis": "localhost:6379",
  "seed": 59,
  "smoke": {
    "test": false
  },
  "tag": "pretrained_trail1_train-npc1000_n-aug1",
  "test": {
    "npc": 30
  },
  "topN": 3,
  "trail": 1,
  "train": {
    "npc": 1000
  },
  "until": 5,
  "valid": {
    "npc": 30
  }
}