{
  "_version": 1,
  "abspath": "~/examples/examples/pytorch/text-autoaugment",
  "aug": null,
  "config": [
    "taa/confs/bert_sst2_example.yaml"
  ],
  "dataset": {
    "data_dir": null,
    "data_files": null,
    "name": "sst2",
    "path": "glue",
    "text_key": "sentence"
  },
  "epoch": 10,
  "ir": 0.02,
  "level_0_0": 0.5449776277402945,
  "level_0_1": 0.4731805594994367,
  "level_1_0": 0.013396508187246692,
  "level_1_1": 0.8843976383277672,
  "level_2_0": 0.28547074282823237,
  "level_2_1": 0.25497939478886966,
  "level_3_0": 0.9243155277107661,
  "level_3_1": 0.6059305841753241,
  "lr": "4e-5",
  "magnitude": 0.8,
  "max_seq_length": 128,
  "method": "taa",
  "model": {
    "type": "Bert"
  },
  "n_aug": 1,
  "num_cpus": 40,
  "num_gpus": 1,
  "num_op": 2,
  "num_policy": 4,
  "num_search": 200,
  "per_device_eval_batch_size": 128,
  "per_device_train_batch_size": 64,
  "policy_0_0": 3,
  "policy_0_1": 4,
  "policy_1_0": 0,
  "policy_1_1": 3,
  "policy_2_0": 2,
  "policy_2_1": 1,
  "policy_3_0": 3,
  "policy_3_1": 0,
  "prob_0_0": 0.7410391119788392,
  "prob_0_1": 0.21587665123439803,
  "prob_1_0": 0.34991440095796067,
  "prob_1_1": 0.7295557336497117,
  "prob_2_0": 0.35869389569333543,
  "prob_2_1": 0.5148616177522375,
  "prob_3_0": 0.9822271417694928,
  "prob_3_1": 0.8206114096763593,
  "redis": "localhost:6379",
  "seed": 59,
  "smoke": {
    "test": false
  },
  "tag": "pretrained_trail1_train-npc1000_n-aug1",
  "test": {
    "npc": 30
  },
  "topN": 3,
  "trail": 1,
  "train": {
    "npc": 1000
  },
  "until": 5,
  "valid": {
    "npc": 30
  }
}