{
  "_version": 1,
  "abspath": "/home/jovyan/examples/examples/pytorch/text-autoaugment",
  "aug": null,
  "config": [
    "taa/confs/bert_sst2_example.yaml"
  ],
  "dataset": {
    "data_dir": null,
    "data_files": null,
    "name": "sst2",
    "path": "glue",
    "text_key": "sentence"
  },
  "epoch": 1,
  "ir": 0.02,
  "level_0_0": 0.7367737645112291,
  "level_0_1": 0.7464333130995354,
  "level_1_0": 0.515345186099588,
  "level_1_1": 0.1248670357531324,
  "level_2_0": 0.4713279700327552,
  "level_2_1": 0.5299270398080269,
  "level_3_0": 0.022236415121726916,
  "level_3_1": 0.7057431257393639,
  "lr": "4e-5",
  "magnitude": 0.8,
  "max_seq_length": 128,
  "method": "taa",
  "model": {
    "type": "Bert"
  },
  "n_aug": 1,
  "num_cpus": 40,
  "num_gpus": 1,
  "num_op": 2,
  "num_policy": 4,
  "num_search": 200,
  "per_device_eval_batch_size": 128,
  "per_device_train_batch_size": 16,
  "policy_0_0": 3,
  "policy_0_1": 1,
  "policy_1_0": 4,
  "policy_1_1": 1,
  "policy_2_0": 3,
  "policy_2_1": 0,
  "policy_3_0": 0,
  "policy_3_1": 1,
  "prob_0_0": 0.09516562361352598,
  "prob_0_1": 0.4264887072995026,
  "prob_1_0": 0.8665526694213961,
  "prob_1_1": 0.7247945734019795,
  "prob_2_0": 0.9115795233747498,
  "prob_2_1": 0.35536756774767253,
  "prob_3_0": 0.7328705632214891,
  "prob_3_1": 0.0904029360719939,
  "redis": "localhost:6379",
  "seed": 59,
  "smoke": {
    "test": false
  },
  "tag": "pretrained_trail1_train-npc1000_n-aug1",
  "test": {
    "npc": 30
  },
  "topN": 3,
  "trail": 1,
  "train": {
    "npc": 1000
  },
  "until": 5,
  "valid": {
    "npc": 30
  }
}