{
  "_version": 1,
  "abspath": "/home/jovyan/examples/examples/pytorch/text-autoaugment",
  "aug": null,
  "config": [
    "taa/confs/bert_sst2_example.yaml"
  ],
  "dataset": {
    "data_dir": null,
    "data_files": null,
    "name": "sst2",
    "path": "glue",
    "text_key": "sentence"
  },
  "epoch": 1,
  "ir": 0.02,
  "level_0_0": 0.8107256084504241,
  "level_0_1": 0.8552350018195005,
  "level_1_0": 0.6384842457928993,
  "level_1_1": 0.011975628614445677,
  "level_2_0": 0.06125030166554868,
  "level_2_1": 0.2109764508067019,
  "level_3_0": 0.5374602461578657,
  "level_3_1": 0.5887495302933765,
  "lr": "4e-5",
  "magnitude": 0.8,
  "max_seq_length": 128,
  "method": "taa",
  "model": {
    "type": "Bert"
  },
  "n_aug": 1,
  "num_cpus": 40,
  "num_gpus": 1,
  "num_op": 2,
  "num_policy": 4,
  "num_search": 200,
  "per_device_eval_batch_size": 128,
  "per_device_train_batch_size": 16,
  "policy_0_0": 1,
  "policy_0_1": 3,
  "policy_1_0": 2,
  "policy_1_1": 1,
  "policy_2_0": 2,
  "policy_2_1": 4,
  "policy_3_0": 1,
  "policy_3_1": 4,
  "prob_0_0": 0.7208166735059799,
  "prob_0_1": 0.4090752612513706,
  "prob_1_0": 0.9115588480083068,
  "prob_1_1": 0.5447295849888104,
  "prob_2_0": 0.4651581288171389,
  "prob_2_1": 0.11022650989743521,
  "prob_3_0": 0.8982388441367091,
  "prob_3_1": 0.07990564047710347,
  "redis": "localhost:6379",
  "seed": 59,
  "smoke": {
    "test": false
  },
  "tag": "pretrained_trail1_train-npc1000_n-aug1",
  "test": {
    "npc": 30
  },
  "topN": 3,
  "trail": 1,
  "train": {
    "npc": 1000
  },
  "until": 5,
  "valid": {
    "npc": 30
  }
}