{
  "_version": 1,
  "abspath": "/home/jovyan/examples/examples/pytorch/text-autoaugment",
  "aug": null,
  "config": [
    "taa/confs/bert_sst2_example.yaml"
  ],
  "dataset": {
    "data_dir": null,
    "data_files": null,
    "name": "sst2",
    "path": "glue",
    "text_key": "sentence"
  },
  "epoch": 1,
  "ir": 0.02,
  "level_0_0": 0.16876082809742732,
  "level_0_1": 0.1516455030594236,
  "level_1_0": 0.3302663410106872,
  "level_1_1": 0.3140445741618919,
  "level_2_0": 0.9227415459584487,
  "level_2_1": 0.8835436793267405,
  "level_3_0": 0.11591640752180621,
  "level_3_1": 0.9652648305198795,
  "lr": "4e-5",
  "magnitude": 0.8,
  "max_seq_length": 128,
  "method": "taa",
  "model": {
    "type": "Bert"
  },
  "n_aug": 1,
  "num_cpus": 40,
  "num_gpus": 1,
  "num_op": 2,
  "num_policy": 4,
  "num_search": 200,
  "per_device_eval_batch_size": 128,
  "per_device_train_batch_size": 16,
  "policy_0_0": 0,
  "policy_0_1": 2,
  "policy_1_0": 0,
  "policy_1_1": 1,
  "policy_2_0": 3,
  "policy_2_1": 2,
  "policy_3_0": 2,
  "policy_3_1": 2,
  "prob_0_0": 0.7418757860364743,
  "prob_0_1": 0.3606811752951773,
  "prob_1_0": 0.7130636515566058,
  "prob_1_1": 0.014091498391072266,
  "prob_2_0": 0.6686257448013384,
  "prob_2_1": 0.14110434206030031,
  "prob_3_0": 0.20506532489604734,
  "prob_3_1": 0.02913918576977892,
  "redis": "localhost:6379",
  "seed": 59,
  "smoke": {
    "test": false
  },
  "tag": "pretrained_trail1_train-npc1000_n-aug1",
  "test": {
    "npc": 30
  },
  "topN": 3,
  "trail": 1,
  "train": {
    "npc": 1000
  },
  "until": 5,
  "valid": {
    "npc": 30
  }
}