{
  "_version": 1,
  "abspath": "/home/jovyan/examples/examples/pytorch/text-autoaugment",
  "aug": null,
  "config": [
    "taa/confs/bert_sst2_example.yaml"
  ],
  "dataset": {
    "data_dir": null,
    "data_files": null,
    "name": "sst2",
    "path": "glue",
    "text_key": "sentence"
  },
  "epoch": 1,
  "ir": 0.02,
  "level_0_0": 0.24527498725648644,
  "level_0_1": 0.22256282893281076,
  "level_1_0": 0.813199164253973,
  "level_1_1": 0.8611329593564635,
  "level_2_0": 0.5869618371133319,
  "level_2_1": 0.19681109572193933,
  "level_3_0": 0.6499009589811663,
  "level_3_1": 0.6594502870142882,
  "lr": "4e-5",
  "magnitude": 0.8,
  "max_seq_length": 128,
  "method": "taa",
  "model": {
    "type": "Bert"
  },
  "n_aug": 1,
  "num_cpus": 40,
  "num_gpus": 1,
  "num_op": 2,
  "num_policy": 4,
  "num_search": 200,
  "per_device_eval_batch_size": 128,
  "per_device_train_batch_size": 16,
  "policy_0_0": 4,
  "policy_0_1": 3,
  "policy_1_0": 2,
  "policy_1_1": 3,
  "policy_2_0": 4,
  "policy_2_1": 2,
  "policy_3_0": 2,
  "policy_3_1": 0,
  "prob_0_0": 0.5537677824726853,
  "prob_0_1": 0.5282386291786549,
  "prob_1_0": 0.5511339029116968,
  "prob_1_1": 0.1985102729632786,
  "prob_2_0": 0.7650790634006155,
  "prob_2_1": 0.21091959466897436,
  "prob_3_0": 0.8005367476980927,
  "prob_3_1": 0.18082803459936825,
  "redis": "localhost:6379",
  "seed": 59,
  "smoke": {
    "test": false
  },
  "tag": "pretrained_trail1_train-npc1000_n-aug1",
  "test": {
    "npc": 30
  },
  "topN": 3,
  "trail": 1,
  "train": {
    "npc": 1000
  },
  "until": 5,
  "valid": {
    "npc": 30
  }
}