{
  "_version": 1,
  "abspath": "~/examples/examples/pytorch/text-autoaugment",
  "aug": null,
  "config": [
    "taa/confs/bert_sst2_example.yaml"
  ],
  "dataset": {
    "data_dir": null,
    "data_files": null,
    "name": "sst2",
    "path": "glue",
    "text_key": "sentence"
  },
  "epoch": 10,
  "ir": 0.02,
  "level_0_0": 0.2778302140762956,
  "level_0_1": 0.18214776014654,
  "level_1_0": 0.8361763395510176,
  "level_1_1": 0.5877947870936895,
  "level_2_0": 0.14850355158291773,
  "level_2_1": 0.8580983651090934,
  "level_3_0": 0.5039557963938931,
  "level_3_1": 0.9214927939979449,
  "lr": "4e-5",
  "magnitude": 0.8,
  "max_seq_length": 128,
  "method": "taa",
  "model": {
    "type": "Bert"
  },
  "n_aug": 1,
  "num_cpus": 40,
  "num_gpus": 1,
  "num_op": 2,
  "num_policy": 4,
  "num_search": 200,
  "per_device_eval_batch_size": 128,
  "per_device_train_batch_size": 64,
  "policy_0_0": 1,
  "policy_0_1": 1,
  "policy_1_0": 2,
  "policy_1_1": 3,
  "policy_2_0": 3,
  "policy_2_1": 4,
  "policy_3_0": 4,
  "policy_3_1": 3,
  "prob_0_0": 0.7847251972559941,
  "prob_0_1": 0.802493443805744,
  "prob_1_0": 0.7481446835859589,
  "prob_1_1": 0.4696752994889767,
  "prob_2_0": 0.4835264360656386,
  "prob_2_1": 0.09630370361762652,
  "prob_3_0": 0.8057991369668298,
  "prob_3_1": 0.7691179925001266,
  "redis": "localhost:6379",
  "seed": 59,
  "smoke": {
    "test": false
  },
  "tag": "pretrained_trail1_train-npc1000_n-aug1",
  "test": {
    "npc": 30
  },
  "topN": 3,
  "trail": 1,
  "train": {
    "npc": 1000
  },
  "until": 5,
  "valid": {
    "npc": 30
  }
}