{
  "_version": 1,
  "abspath": "/home/jovyan/examples/examples/pytorch/text-autoaugment",
  "aug": null,
  "config": [
    "taa/confs/bert_sst2_example.yaml"
  ],
  "dataset": {
    "data_dir": null,
    "data_files": null,
    "name": "sst2",
    "path": "glue",
    "text_key": "sentence"
  },
  "epoch": 1,
  "ir": 0.02,
  "level_0_0": 0.13214910045176775,
  "level_0_1": 0.8129700958324535,
  "level_1_0": 0.07935774520145189,
  "level_1_1": 0.7196113453300015,
  "level_2_0": 0.3216654832855055,
  "level_2_1": 0.3651293416702348,
  "level_3_0": 0.41288916423140165,
  "level_3_1": 0.7095708684497453,
  "lr": "4e-5",
  "magnitude": 0.8,
  "max_seq_length": 128,
  "method": "taa",
  "model": {
    "type": "Bert"
  },
  "n_aug": 1,
  "num_cpus": 40,
  "num_gpus": 1,
  "num_op": 2,
  "num_policy": 4,
  "num_search": 200,
  "per_device_eval_batch_size": 128,
  "per_device_train_batch_size": 16,
  "policy_0_0": 4,
  "policy_0_1": 1,
  "policy_1_0": 2,
  "policy_1_1": 2,
  "policy_2_0": 3,
  "policy_2_1": 1,
  "policy_3_0": 0,
  "policy_3_1": 2,
  "prob_0_0": 0.8331624683326626,
  "prob_0_1": 0.9209775803260597,
  "prob_1_0": 0.8280744813662569,
  "prob_1_1": 0.9441895556014994,
  "prob_2_0": 0.7609612878848026,
  "prob_2_1": 0.6999164533566065,
  "prob_3_0": 0.7174727490256334,
  "prob_3_1": 0.2857435417104426,
  "redis": "localhost:6379",
  "seed": 59,
  "smoke": {
    "test": false
  },
  "tag": "pretrained_trail1_train-npc1000_n-aug1",
  "test": {
    "npc": 30
  },
  "topN": 3,
  "trail": 1,
  "train": {
    "npc": 1000
  },
  "until": 5,
  "valid": {
    "npc": 30
  }
}