{
  "_version": 1,
  "abspath": "/home/jovyan/examples/examples/pytorch/text-autoaugment",
  "aug": null,
  "config": [
    "taa/confs/bert_sst2_example.yaml"
  ],
  "dataset": {
    "data_dir": null,
    "data_files": null,
    "name": "sst2",
    "path": "glue",
    "text_key": "sentence"
  },
  "epoch": 1,
  "ir": 0.02,
  "level_0_0": 0.08419606507618793,
  "level_0_1": 0.417062192168567,
  "level_1_0": 0.040098057208751814,
  "level_1_1": 0.9652203484676634,
  "level_2_0": 0.8150199499049354,
  "level_2_1": 0.06999754317380125,
  "level_3_0": 0.11093110527318895,
  "level_3_1": 0.8498097059624302,
  "lr": "4e-5",
  "magnitude": 0.8,
  "max_seq_length": 128,
  "method": "taa",
  "model": {
    "type": "Bert"
  },
  "n_aug": 1,
  "num_cpus": 40,
  "num_gpus": 1,
  "num_op": 2,
  "num_policy": 4,
  "num_search": 200,
  "per_device_eval_batch_size": 128,
  "per_device_train_batch_size": 16,
  "policy_0_0": 3,
  "policy_0_1": 4,
  "policy_1_0": 3,
  "policy_1_1": 1,
  "policy_2_0": 0,
  "policy_2_1": 4,
  "policy_3_0": 4,
  "policy_3_1": 3,
  "prob_0_0": 0.23513057048511565,
  "prob_0_1": 0.1896485959223666,
  "prob_1_0": 0.2462528224095959,
  "prob_1_1": 0.5386831334585772,
  "prob_2_0": 0.1922055473475036,
  "prob_2_1": 0.765071882530347,
  "prob_3_0": 0.44285422791433593,
  "prob_3_1": 0.3026931189728258,
  "redis": "localhost:6379",
  "seed": 59,
  "smoke": {
    "test": false
  },
  "tag": "pretrained_trail1_train-npc1000_n-aug1",
  "test": {
    "npc": 30
  },
  "topN": 3,
  "trail": 1,
  "train": {
    "npc": 1000
  },
  "until": 5,
  "valid": {
    "npc": 30
  }
}