{
  "_version": 1,
  "abspath": "/home/jovyan/examples/examples/pytorch/text-autoaugment",
  "aug": null,
  "config": [
    "taa/confs/bert_sst2_example.yaml"
  ],
  "dataset": {
    "data_dir": null,
    "data_files": null,
    "name": "sst2",
    "path": "glue",
    "text_key": "sentence"
  },
  "epoch": 1,
  "ir": 0.02,
  "level_0_0": 0.3554315783799832,
  "level_0_1": 0.28578804403110236,
  "level_1_0": 0.4273535593294685,
  "level_1_1": 0.8300580778562611,
  "level_2_0": 0.6702903454246102,
  "level_2_1": 0.6236718692158095,
  "level_3_0": 0.3262371102089423,
  "level_3_1": 0.806903760162412,
  "lr": "4e-5",
  "magnitude": 0.8,
  "max_seq_length": 128,
  "method": "taa",
  "model": {
    "type": "Bert"
  },
  "n_aug": 1,
  "num_cpus": 40,
  "num_gpus": 1,
  "num_op": 2,
  "num_policy": 4,
  "num_search": 200,
  "per_device_eval_batch_size": 128,
  "per_device_train_batch_size": 16,
  "policy_0_0": 0,
  "policy_0_1": 0,
  "policy_1_0": 1,
  "policy_1_1": 0,
  "policy_2_0": 4,
  "policy_2_1": 2,
  "policy_3_0": 1,
  "policy_3_1": 1,
  "prob_0_0": 0.6779956407964859,
  "prob_0_1": 0.9381277966495644,
  "prob_1_0": 0.745512038803045,
  "prob_1_1": 0.23352179481369895,
  "prob_2_0": 0.04987166608616522,
  "prob_2_1": 0.20579238014793122,
  "prob_3_0": 0.3270087393547523,
  "prob_3_1": 0.23669086496810254,
  "redis": "localhost:6379",
  "seed": 59,
  "smoke": {
    "test": false
  },
  "tag": "pretrained_trail1_train-npc1000_n-aug1",
  "test": {
    "npc": 30
  },
  "topN": 3,
  "trail": 1,
  "train": {
    "npc": 1000
  },
  "until": 5,
  "valid": {
    "npc": 30
  }
}