{
  "_version": 1,
  "abspath": "/home/jovyan/examples/examples/pytorch/text-autoaugment",
  "aug": null,
  "config": [
    "taa/confs/bert_sst2_example.yaml"
  ],
  "dataset": {
    "data_dir": null,
    "data_files": null,
    "name": "sst2",
    "path": "glue",
    "text_key": "sentence"
  },
  "epoch": 10,
  "ir": 0.02,
  "level_0_0": 0.8834391454191963,
  "level_0_1": 0.4777101104338173,
  "level_1_0": 0.7381406892448245,
  "level_1_1": 0.8184681431554097,
  "level_2_0": 0.29777364055938194,
  "level_2_1": 0.017986091655232794,
  "level_3_0": 0.19919753329957868,
  "level_3_1": 0.21851585421184816,
  "lr": "4e-5",
  "magnitude": 0.8,
  "max_seq_length": 128,
  "method": "taa",
  "model": {
    "type": "Bert"
  },
  "n_aug": 1,
  "num_cpus": 40,
  "num_gpus": 1,
  "num_op": 2,
  "num_policy": 4,
  "num_search": 200,
  "per_device_eval_batch_size": 128,
  "per_device_train_batch_size": 64,
  "policy_0_0": 4,
  "policy_0_1": 3,
  "policy_1_0": 1,
  "policy_1_1": 4,
  "policy_2_0": 3,
  "policy_2_1": 2,
  "policy_3_0": 4,
  "policy_3_1": 3,
  "prob_0_0": 0.5742072283725157,
  "prob_0_1": 0.1137777631848994,
  "prob_1_0": 0.6063943883392845,
  "prob_1_1": 0.9336599534896456,
  "prob_2_0": 0.09933157590929398,
  "prob_2_1": 0.13694138828507352,
  "prob_3_0": 0.8930579375160158,
  "prob_3_1": 0.9496662625058007,
  "redis": "localhost:6379",
  "seed": 59,
  "smoke": {
    "test": false
  },
  "tag": "pretrained_trail1_train-npc1000_n-aug1",
  "test": {
    "npc": 30
  },
  "topN": 3,
  "trail": 1,
  "train": {
    "npc": 1000
  },
  "until": 5,
  "valid": {
    "npc": 30
  }
}