{
  "_version": 1,
  "abspath": "/home/jovyan/examples/examples/pytorch/text-autoaugment",
  "aug": null,
  "config": [
    "taa/confs/bert_sst2_example.yaml"
  ],
  "dataset": {
    "data_dir": null,
    "data_files": null,
    "name": "sst2",
    "path": "glue",
    "text_key": "sentence"
  },
  "epoch": 1,
  "ir": 0.02,
  "level_0_0": 0.438365534528969,
  "level_0_1": 0.44454486091896583,
  "level_1_0": 0.8482384325738235,
  "level_1_1": 0.19347676509776035,
  "level_2_0": 0.49945044424887153,
  "level_2_1": 0.8980020910925967,
  "level_3_0": 0.5095352667587946,
  "level_3_1": 0.8944090780209596,
  "lr": "4e-5",
  "magnitude": 0.8,
  "max_seq_length": 128,
  "method": "taa",
  "model": {
    "type": "Bert"
  },
  "n_aug": 1,
  "num_cpus": 40,
  "num_gpus": 1,
  "num_op": 2,
  "num_policy": 4,
  "num_search": 200,
  "per_device_eval_batch_size": 128,
  "per_device_train_batch_size": 10,
  "policy_0_0": 1,
  "policy_0_1": 0,
  "policy_1_0": 3,
  "policy_1_1": 3,
  "policy_2_0": 1,
  "policy_2_1": 4,
  "policy_3_0": 1,
  "policy_3_1": 1,
  "prob_0_0": 0.14493014899389622,
  "prob_0_1": 0.9255842564991847,
  "prob_1_0": 0.7705137222201661,
  "prob_1_1": 0.4855044511419351,
  "prob_2_0": 0.9799686653324945,
  "prob_2_1": 0.3407080475376565,
  "prob_3_0": 0.6842615740406116,
  "prob_3_1": 0.806326255450453,
  "redis": "localhost:6379",
  "seed": 59,
  "smoke": {
    "test": false
  },
  "tag": "pretrained_trail1_train-npc1000_n-aug1",
  "test": {
    "npc": 30
  },
  "topN": 3,
  "trail": 1,
  "train": {
    "npc": 1000
  },
  "until": 5,
  "valid": {
    "npc": 30
  }
}