{
  "_version": 1,
  "abspath": "/home/jovyan/examples/examples/pytorch/text-autoaugment",
  "aug": null,
  "config": [
    "taa/confs/bert_sst2_example.yaml"
  ],
  "dataset": {
    "data_dir": null,
    "data_files": null,
    "name": "sst2",
    "path": "glue",
    "text_key": "sentence"
  },
  "epoch": 10,
  "ir": 0.02,
  "level_0_0": 0.05306835387929587,
  "level_0_1": 0.8325607132768442,
  "level_1_0": 0.5262376775731767,
  "level_1_1": 0.7732067086378264,
  "level_2_0": 0.8118441389468954,
  "level_2_1": 0.09809034254240745,
  "level_3_0": 0.9641955823464173,
  "level_3_1": 0.14350399468468367,
  "lr": "4e-5",
  "magnitude": 0.8,
  "max_seq_length": 128,
  "method": "taa",
  "model": {
    "type": "Bert"
  },
  "n_aug": 1,
  "num_cpus": 40,
  "num_gpus": 1,
  "num_op": 2,
  "num_policy": 4,
  "num_search": 200,
  "per_device_eval_batch_size": 128,
  "per_device_train_batch_size": 64,
  "policy_0_0": 0,
  "policy_0_1": 3,
  "policy_1_0": 0,
  "policy_1_1": 2,
  "policy_2_0": 1,
  "policy_2_1": 2,
  "policy_3_0": 0,
  "policy_3_1": 3,
  "prob_0_0": 0.20908073576443775,
  "prob_0_1": 0.8863602732835065,
  "prob_1_0": 0.9213715508545078,
  "prob_1_1": 0.5517197413195205,
  "prob_2_0": 0.5355620266291089,
  "prob_2_1": 0.7395225893348978,
  "prob_3_0": 0.9093636292032572,
  "prob_3_1": 0.8886581298910129,
  "redis": "localhost:6379",
  "seed": 59,
  "smoke": {
    "test": false
  },
  "tag": "pretrained_trail1_train-npc1000_n-aug1",
  "test": {
    "npc": 30
  },
  "topN": 3,
  "trail": 1,
  "train": {
    "npc": 1000
  },
  "until": 5,
  "valid": {
    "npc": 30
  }
}