{
  "_version": 1,
  "abspath": "/home/jovyan/examples/examples/pytorch/text-autoaugment",
  "aug": null,
  "config": [
    "taa/confs/bert_sst2_example.yaml"
  ],
  "dataset": {
    "data_dir": null,
    "data_files": null,
    "name": "sst2",
    "path": "glue",
    "text_key": "sentence"
  },
  "epoch": 10,
  "ir": 0.02,
  "level_0_0": 0.7166270957796101,
  "level_0_1": 0.6304116120916837,
  "level_1_0": 0.26046853687677674,
  "level_1_1": 0.1395879382409202,
  "level_2_0": 0.6193868206258545,
  "level_2_1": 0.9745514993563741,
  "level_3_0": 0.29211476574583917,
  "level_3_1": 0.005516365963892267,
  "lr": "4e-5",
  "magnitude": 0.8,
  "max_seq_length": 128,
  "method": "taa",
  "model": {
    "type": "Bert"
  },
  "n_aug": 1,
  "num_cpus": 40,
  "num_gpus": 1,
  "num_op": 2,
  "num_policy": 4,
  "num_search": 200,
  "per_device_eval_batch_size": 128,
  "per_device_train_batch_size": 64,
  "policy_0_0": 4,
  "policy_0_1": 2,
  "policy_1_0": 4,
  "policy_1_1": 4,
  "policy_2_0": 2,
  "policy_2_1": 4,
  "policy_3_0": 0,
  "policy_3_1": 2,
  "prob_0_0": 0.7186937838860297,
  "prob_0_1": 0.3729880237618777,
  "prob_1_0": 0.021217857441563015,
  "prob_1_1": 0.8778152843360608,
  "prob_2_0": 0.8169845327844898,
  "prob_2_1": 0.932632658285586,
  "prob_3_0": 0.08729855161409283,
  "prob_3_1": 0.7428152879998393,
  "redis": "localhost:6379",
  "seed": 59,
  "smoke": {
    "test": false
  },
  "tag": "pretrained_trail1_train-npc1000_n-aug1",
  "test": {
    "npc": 30
  },
  "topN": 3,
  "trail": 1,
  "train": {
    "npc": 1000
  },
  "until": 5,
  "valid": {
    "npc": 30
  }
}