{
  "_version": 1,
  "abspath": "/home/jovyan/examples/examples/pytorch/text-autoaugment",
  "aug": null,
  "config": [
    "taa/confs/bert_sst2_example.yaml"
  ],
  "dataset": {
    "data_dir": null,
    "data_files": null,
    "name": "sst2",
    "path": "glue",
    "text_key": "sentence"
  },
  "epoch": 1,
  "ir": 0.02,
  "level_0_0": 0.3076849690061586,
  "level_0_1": 0.8266872711823366,
  "level_1_0": 0.8885040505239966,
  "level_1_1": 0.16411162230058984,
  "level_2_0": 0.12581141640811133,
  "level_2_1": 0.09402468573328626,
  "level_3_0": 0.5132162043704636,
  "level_3_1": 0.7835768839340362,
  "lr": "4e-5",
  "magnitude": 0.8,
  "max_seq_length": 128,
  "method": "taa",
  "model": {
    "type": "Bert"
  },
  "n_aug": 1,
  "num_cpus": 40,
  "num_gpus": 1,
  "num_op": 2,
  "num_policy": 4,
  "num_search": 200,
  "per_device_eval_batch_size": 128,
  "per_device_train_batch_size": 16,
  "policy_0_0": 1,
  "policy_0_1": 2,
  "policy_1_0": 3,
  "policy_1_1": 2,
  "policy_2_0": 2,
  "policy_2_1": 2,
  "policy_3_0": 0,
  "policy_3_1": 1,
  "prob_0_0": 0.047165787844420604,
  "prob_0_1": 0.5269393781266487,
  "prob_1_0": 0.9699276681586929,
  "prob_1_1": 0.6140395568849185,
  "prob_2_0": 0.45004964640362677,
  "prob_2_1": 0.6330349190489553,
  "prob_3_0": 0.12104434646960782,
  "prob_3_1": 0.7454581730851272,
  "redis": "localhost:6379",
  "seed": 59,
  "smoke": {
    "test": false
  },
  "tag": "pretrained_trail1_train-npc1000_n-aug1",
  "test": {
    "npc": 30
  },
  "topN": 3,
  "trail": 1,
  "train": {
    "npc": 1000
  },
  "until": 5,
  "valid": {
    "npc": 30
  }
}