{
  "_version": 1,
  "abspath": "~/examples/examples/pytorch/text-autoaugment/taa",
  "aug": null,
  "config": [
    "taa/confs/bert_sst2_example.yaml"
  ],
  "dataset": {
    "data_dir": null,
    "data_files": null,
    "name": "sst2",
    "path": "glue",
    "text_key": "sentence"
  },
  "epoch": 10,
  "ir": 0.02,
  "level_0_0": 0.3941920145459865,
  "level_0_1": 0.933981402950493,
  "level_1_0": 0.5356038223655333,
  "level_1_1": 0.8832479432535654,
  "level_2_0": 0.5701202577650359,
  "level_2_1": 0.10320495361405124,
  "level_3_0": 0.5908527491840534,
  "level_3_1": 0.8389627615270541,
  "lr": "4e-5",
  "magnitude": 0.8,
  "max_seq_length": 128,
  "method": "taa",
  "model": {
    "type": "Bert"
  },
  "n_aug": 1,
  "num_cpus": 40,
  "num_gpus": 1,
  "num_op": 2,
  "num_policy": 4,
  "num_search": 200,
  "per_device_eval_batch_size": 128,
  "per_device_train_batch_size": 64,
  "policy_0_0": 2,
  "policy_0_1": 0,
  "policy_1_0": 3,
  "policy_1_1": 4,
  "policy_2_0": 3,
  "policy_2_1": 2,
  "policy_3_0": 2,
  "policy_3_1": 4,
  "prob_0_0": 0.9658031357916876,
  "prob_0_1": 0.41346256255025193,
  "prob_1_0": 0.5950579745977342,
  "prob_1_1": 0.007360404297953704,
  "prob_2_0": 0.2616570648177654,
  "prob_2_1": 0.11011472144988965,
  "prob_3_0": 0.5359048854218034,
  "prob_3_1": 0.32592109848853956,
  "redis": "localhost:6379",
  "seed": 59,
  "smoke": {
    "test": false
  },
  "tag": "pretrained_trail1_train-npc1000_n-aug1",
  "test": {
    "npc": 30
  },
  "topN": 3,
  "trail": 1,
  "train": {
    "npc": 1000
  },
  "until": 5,
  "valid": {
    "npc": 30
  }
}