{
  "_version": 1,
  "abspath": "/home/jovyan/examples/examples/pytorch/text-autoaugment",
  "aug": null,
  "config": [
    "taa/confs/bert_sst2_example.yaml"
  ],
  "dataset": {
    "data_dir": null,
    "data_files": null,
    "name": "sst2",
    "path": "glue",
    "text_key": "sentence"
  },
  "epoch": 1,
  "ir": 0.02,
  "level_0_0": 0.36390860345916154,
  "level_0_1": 0.014837518560465002,
  "level_1_0": 0.015228761504653576,
  "level_1_1": 0.005234826136947257,
  "level_2_0": 0.009188424149482066,
  "level_2_1": 0.48848129800245166,
  "level_3_0": 0.5130569581316237,
  "level_3_1": 0.6583693570218414,
  "lr": "4e-5",
  "magnitude": 0.8,
  "max_seq_length": 128,
  "method": "taa",
  "model": {
    "type": "Bert"
  },
  "n_aug": 1,
  "num_cpus": 40,
  "num_gpus": 1,
  "num_op": 2,
  "num_policy": 4,
  "num_search": 200,
  "per_device_eval_batch_size": 128,
  "per_device_train_batch_size": 16,
  "policy_0_0": 1,
  "policy_0_1": 4,
  "policy_1_0": 2,
  "policy_1_1": 1,
  "policy_2_0": 3,
  "policy_2_1": 3,
  "policy_3_0": 4,
  "policy_3_1": 3,
  "prob_0_0": 0.6511265731304781,
  "prob_0_1": 0.3980317004165679,
  "prob_1_0": 0.3518270695157355,
  "prob_1_1": 0.20495512428957186,
  "prob_2_0": 0.9521874164408277,
  "prob_2_1": 0.5649294577306845,
  "prob_3_0": 0.9651568077002808,
  "prob_3_1": 0.19285251811422754,
  "redis": "localhost:6379",
  "seed": 59,
  "smoke": {
    "test": false
  },
  "tag": "pretrained_trail1_train-npc1000_n-aug1",
  "test": {
    "npc": 30
  },
  "topN": 3,
  "trail": 1,
  "train": {
    "npc": 1000
  },
  "until": 5,
  "valid": {
    "npc": 30
  }
}