{
  "_version": 1,
  "abspath": "/home/jovyan/examples/examples/pytorch/text-autoaugment",
  "aug": null,
  "config": [
    "taa/confs/bert_sst2_example.yaml"
  ],
  "dataset": {
    "data_dir": null,
    "data_files": null,
    "name": "sst2",
    "path": "glue",
    "text_key": "sentence"
  },
  "epoch": 10,
  "ir": 0.02,
  "level_0_0": 0.17862770257308958,
  "level_0_1": 0.5592245962683562,
  "level_1_0": 0.48230953586540626,
  "level_1_1": 0.42732271988273085,
  "level_2_0": 0.9478488488652016,
  "level_2_1": 0.7937984664842873,
  "level_3_0": 0.7949230485507504,
  "level_3_1": 0.39709136792560407,
  "lr": "4e-5",
  "magnitude": 0.8,
  "max_seq_length": 128,
  "method": "taa",
  "model": {
    "type": "Bert"
  },
  "n_aug": 1,
  "num_cpus": 40,
  "num_gpus": 1,
  "num_op": 2,
  "num_policy": 4,
  "num_search": 200,
  "per_device_eval_batch_size": 128,
  "per_device_train_batch_size": 64,
  "policy_0_0": 2,
  "policy_0_1": 0,
  "policy_1_0": 1,
  "policy_1_1": 1,
  "policy_2_0": 3,
  "policy_2_1": 1,
  "policy_3_0": 4,
  "policy_3_1": 4,
  "prob_0_0": 0.7461669852796307,
  "prob_0_1": 0.899231324942136,
  "prob_1_0": 0.3889871542799779,
  "prob_1_1": 0.28082231292853543,
  "prob_2_0": 0.17578597959203668,
  "prob_2_1": 0.28764807579469787,
  "prob_3_0": 0.6930486724579024,
  "prob_3_1": 0.06569229262335685,
  "redis": "localhost:6379",
  "seed": 59,
  "smoke": {
    "test": false
  },
  "tag": "pretrained_trail1_train-npc1000_n-aug1",
  "test": {
    "npc": 30
  },
  "topN": 3,
  "trail": 1,
  "train": {
    "npc": 1000
  },
  "until": 5,
  "valid": {
    "npc": 30
  }
}