{
  "_version": 1,
  "abspath": "/home/jovyan/examples/examples/pytorch/text-autoaugment",
  "aug": null,
  "config": [
    "taa/confs/bert_sst2_example.yaml"
  ],
  "dataset": {
    "data_dir": null,
    "data_files": null,
    "name": "sst2",
    "path": "glue",
    "text_key": "sentence"
  },
  "epoch": 1,
  "ir": 0.02,
  "level_0_0": 0.19670248251761846,
  "level_0_1": 0.35340536322661564,
  "level_1_0": 0.5083379904046247,
  "level_1_1": 0.14055883628561916,
  "level_2_0": 0.6773419436677975,
  "level_2_1": 0.9612910965025511,
  "level_3_0": 0.772748374739542,
  "level_3_1": 0.14324745557230634,
  "lr": "4e-5",
  "magnitude": 0.8,
  "max_seq_length": 128,
  "method": "taa",
  "model": {
    "type": "Bert"
  },
  "n_aug": 1,
  "num_cpus": 40,
  "num_gpus": 1,
  "num_op": 2,
  "num_policy": 4,
  "num_search": 200,
  "per_device_eval_batch_size": 128,
  "per_device_train_batch_size": 16,
  "policy_0_0": 4,
  "policy_0_1": 0,
  "policy_1_0": 4,
  "policy_1_1": 1,
  "policy_2_0": 0,
  "policy_2_1": 4,
  "policy_3_0": 0,
  "policy_3_1": 3,
  "prob_0_0": 0.6471943854878127,
  "prob_0_1": 0.08845835406926983,
  "prob_1_0": 0.9637443075565075,
  "prob_1_1": 0.4573139983521288,
  "prob_2_0": 0.3096359788713182,
  "prob_2_1": 0.5999197875047273,
  "prob_3_0": 0.25321788457161265,
  "prob_3_1": 0.10473115243399522,
  "redis": "localhost:6379",
  "seed": 59,
  "smoke": {
    "test": false
  },
  "tag": "pretrained_trail1_train-npc1000_n-aug1",
  "test": {
    "npc": 30
  },
  "topN": 3,
  "trail": 1,
  "train": {
    "npc": 1000
  },
  "until": 5,
  "valid": {
    "npc": 30
  }
}