{
  "_version": 1,
  "abspath": "/home/jovyan/examples/examples/pytorch/text-autoaugment",
  "aug": null,
  "config": [
    "taa/confs/bert_sst2_example.yaml"
  ],
  "dataset": {
    "data_dir": null,
    "data_files": null,
    "name": "sst2",
    "path": "glue",
    "text_key": "sentence"
  },
  "epoch": 1,
  "ir": 0.02,
  "level_0_0": 0.6896751323074873,
  "level_0_1": 0.8682815697064008,
  "level_1_0": 0.40333526339274195,
  "level_1_1": 0.5240302124756978,
  "level_2_0": 0.005357546906122335,
  "level_2_1": 0.7484356346630828,
  "level_3_0": 0.34562943830544735,
  "level_3_1": 0.6651123393002454,
  "lr": "4e-5",
  "magnitude": 0.8,
  "max_seq_length": 128,
  "method": "taa",
  "model": {
    "type": "Bert"
  },
  "n_aug": 1,
  "num_cpus": 40,
  "num_gpus": 1,
  "num_op": 2,
  "num_policy": 4,
  "num_search": 200,
  "per_device_eval_batch_size": 128,
  "per_device_train_batch_size": 16,
  "policy_0_0": 3,
  "policy_0_1": 2,
  "policy_1_0": 2,
  "policy_1_1": 4,
  "policy_2_0": 2,
  "policy_2_1": 0,
  "policy_3_0": 0,
  "policy_3_1": 4,
  "prob_0_0": 0.2056203124172976,
  "prob_0_1": 0.18593181770793554,
  "prob_1_0": 0.7482330402054592,
  "prob_1_1": 0.008069367824267926,
  "prob_2_0": 0.7645855679973619,
  "prob_2_1": 0.13160446292858008,
  "prob_3_0": 0.3759228110894649,
  "prob_3_1": 0.9830669893687433,
  "redis": "localhost:6379",
  "seed": 59,
  "smoke": {
    "test": false
  },
  "tag": "pretrained_trail1_train-npc1000_n-aug1",
  "test": {
    "npc": 30
  },
  "topN": 3,
  "trail": 1,
  "train": {
    "npc": 1000
  },
  "until": 5,
  "valid": {
    "npc": 30
  }
}