{
  "_version": 1,
  "abspath": "~/examples/examples/pytorch/text-autoaugment",
  "aug": null,
  "config": [
    "taa/confs/bert_sst2_example.yaml"
  ],
  "dataset": {
    "data_dir": null,
    "data_files": null,
    "name": "sst2",
    "path": "glue",
    "text_key": "sentence"
  },
  "epoch": 10,
  "ir": 0.02,
  "level_0_0": 0.7736762883185156,
  "level_0_1": 0.03965709147372043,
  "level_1_0": 0.3116987155449382,
  "level_1_1": 0.6970535955107047,
  "level_2_0": 0.18949339299491585,
  "level_2_1": 0.14060875428071484,
  "level_3_0": 0.9828419203733855,
  "level_3_1": 0.2142876210432516,
  "lr": "4e-5",
  "magnitude": 0.8,
  "max_seq_length": 128,
  "method": "taa",
  "model": {
    "type": "Bert"
  },
  "n_aug": 1,
  "num_cpus": 40,
  "num_gpus": 1,
  "num_op": 2,
  "num_policy": 4,
  "num_search": 200,
  "per_device_eval_batch_size": 128,
  "per_device_train_batch_size": 64,
  "policy_0_0": 1,
  "policy_0_1": 0,
  "policy_1_0": 1,
  "policy_1_1": 1,
  "policy_2_0": 4,
  "policy_2_1": 2,
  "policy_3_0": 1,
  "policy_3_1": 2,
  "prob_0_0": 0.0026194436600611715,
  "prob_0_1": 0.20248700813501286,
  "prob_1_0": 0.2864385389162205,
  "prob_1_1": 0.31852233110729977,
  "prob_2_0": 0.24630248671148802,
  "prob_2_1": 0.9856843494964005,
  "prob_3_0": 0.6677958590246174,
  "prob_3_1": 0.308061355362268,
  "redis": "localhost:6379",
  "seed": 59,
  "smoke": {
    "test": false
  },
  "tag": "pretrained_trail1_train-npc1000_n-aug1",
  "test": {
    "npc": 30
  },
  "topN": 3,
  "trail": 1,
  "train": {
    "npc": 1000
  },
  "until": 5,
  "valid": {
    "npc": 30
  }
}