{
  "_version": 1,
  "abspath": "/home/jovyan/examples/examples/pytorch/text-autoaugment",
  "aug": null,
  "config": [
    "taa/confs/bert_sst2_example.yaml"
  ],
  "dataset": {
    "data_dir": null,
    "data_files": null,
    "name": "sst2",
    "path": "glue",
    "text_key": "sentence"
  },
  "epoch": 1,
  "ir": 0.02,
  "level_0_0": 0.12574397163502515,
  "level_0_1": 0.344686541644429,
  "level_1_0": 0.42278347921409265,
  "level_1_1": 0.6681788664576822,
  "level_2_0": 0.7932219419192346,
  "level_2_1": 0.17635115709238192,
  "level_3_0": 0.5635884006743386,
  "level_3_1": 0.16423946454940397,
  "lr": "4e-5",
  "magnitude": 0.8,
  "max_seq_length": 128,
  "method": "taa",
  "model": {
    "type": "Bert"
  },
  "n_aug": 1,
  "num_cpus": 40,
  "num_gpus": 1,
  "num_op": 2,
  "num_policy": 4,
  "num_search": 200,
  "per_device_eval_batch_size": 128,
  "per_device_train_batch_size": 16,
  "policy_0_0": 1,
  "policy_0_1": 4,
  "policy_1_0": 0,
  "policy_1_1": 3,
  "policy_2_0": 3,
  "policy_2_1": 3,
  "policy_3_0": 4,
  "policy_3_1": 1,
  "prob_0_0": 0.3793494297197292,
  "prob_0_1": 0.385254683158447,
  "prob_1_0": 0.2461223212607765,
  "prob_1_1": 0.29161097205690545,
  "prob_2_0": 0.12336957626288958,
  "prob_2_1": 0.9471481887382679,
  "prob_3_0": 0.6589343997803488,
  "prob_3_1": 0.30144796862158385,
  "redis": "localhost:6379",
  "seed": 59,
  "smoke": {
    "test": false
  },
  "tag": "pretrained_trail1_train-npc1000_n-aug1",
  "test": {
    "npc": 30
  },
  "topN": 3,
  "trail": 1,
  "train": {
    "npc": 1000
  },
  "until": 5,
  "valid": {
    "npc": 30
  }
}