{
  "_version": 1,
  "abspath": "/home/jovyan/examples/examples/pytorch/text-autoaugment",
  "aug": null,
  "config": [
    "taa/confs/bert_sst2_example.yaml"
  ],
  "dataset": {
    "data_dir": null,
    "data_files": null,
    "name": "sst2",
    "path": "glue",
    "text_key": "sentence"
  },
  "epoch": 1,
  "ir": 0.02,
  "level_0_0": 0.21748371820630896,
  "level_0_1": 0.04500937202233857,
  "level_1_0": 0.4175634863313912,
  "level_1_1": 0.29924278720779796,
  "level_2_0": 0.4824667266998932,
  "level_2_1": 0.3450345336892031,
  "level_3_0": 0.9401212462984699,
  "level_3_1": 0.10237344591566788,
  "lr": "4e-5",
  "magnitude": 0.8,
  "max_seq_length": 128,
  "method": "taa",
  "model": {
    "type": "Bert"
  },
  "n_aug": 1,
  "num_cpus": 40,
  "num_gpus": 1,
  "num_op": 2,
  "num_policy": 4,
  "num_search": 200,
  "per_device_eval_batch_size": 128,
  "per_device_train_batch_size": 16,
  "policy_0_0": 1,
  "policy_0_1": 4,
  "policy_1_0": 1,
  "policy_1_1": 4,
  "policy_2_0": 0,
  "policy_2_1": 2,
  "policy_3_0": 4,
  "policy_3_1": 3,
  "prob_0_0": 0.5692977285313909,
  "prob_0_1": 0.6879921669370073,
  "prob_1_0": 0.7356586720914194,
  "prob_1_1": 0.7999828299348952,
  "prob_2_0": 0.41573655534975507,
  "prob_2_1": 0.6944650547893665,
  "prob_3_0": 0.4429962741586625,
  "prob_3_1": 0.37727978380317106,
  "redis": "localhost:6379",
  "seed": 59,
  "smoke": {
    "test": false
  },
  "tag": "pretrained_trail1_train-npc1000_n-aug1",
  "test": {
    "npc": 30
  },
  "topN": 3,
  "trail": 1,
  "train": {
    "npc": 1000
  },
  "until": 5,
  "valid": {
    "npc": 30
  }
}