{
  "_version": 1,
  "abspath": "/home/jovyan/examples/examples/pytorch/text-autoaugment",
  "aug": null,
  "config": [
    "taa/confs/bert_sst2_example.yaml"
  ],
  "dataset": {
    "data_dir": null,
    "data_files": null,
    "name": "sst2",
    "path": "glue",
    "text_key": "sentence"
  },
  "epoch": 1,
  "ir": 0.02,
  "level_0_0": 0.3127336985878071,
  "level_0_1": 0.2368999997348894,
  "level_1_0": 0.8128336878946093,
  "level_1_1": 0.8719350685403422,
  "level_2_0": 0.7194684888606945,
  "level_2_1": 0.41482493208880944,
  "level_3_0": 0.26085057730416583,
  "level_3_1": 0.4477715997330629,
  "lr": "4e-5",
  "magnitude": 0.8,
  "max_seq_length": 128,
  "method": "taa",
  "model": {
    "type": "Bert"
  },
  "n_aug": 1,
  "num_cpus": 40,
  "num_gpus": 1,
  "num_op": 2,
  "num_policy": 4,
  "num_search": 200,
  "per_device_eval_batch_size": 128,
  "per_device_train_batch_size": 10,
  "policy_0_0": 3,
  "policy_0_1": 4,
  "policy_1_0": 2,
  "policy_1_1": 0,
  "policy_2_0": 4,
  "policy_2_1": 0,
  "policy_3_0": 3,
  "policy_3_1": 4,
  "prob_0_0": 0.08870563051446212,
  "prob_0_1": 0.5300293660564905,
  "prob_1_0": 0.14751867453127054,
  "prob_1_1": 0.6973172503308469,
  "prob_2_0": 0.8774863481622881,
  "prob_2_1": 0.7788468463579727,
  "prob_3_0": 0.18934782788613946,
  "prob_3_1": 0.814475912809632,
  "redis": "localhost:6379",
  "seed": 59,
  "smoke": {
    "test": false
  },
  "tag": "pretrained_trail1_train-npc1000_n-aug1",
  "test": {
    "npc": 30
  },
  "topN": 3,
  "trail": 1,
  "train": {
    "npc": 1000
  },
  "until": 5,
  "valid": {
    "npc": 30
  }
}