{
  "_version": 1,
  "abspath": "/home/jovyan/examples/examples/pytorch/text-autoaugment",
  "aug": null,
  "config": [
    "taa/confs/bert_sst2_example.yaml"
  ],
  "dataset": {
    "data_dir": null,
    "data_files": null,
    "name": "sst2",
    "path": "glue",
    "text_key": "sentence"
  },
  "epoch": 10,
  "ir": 0.02,
  "level_0_0": 0.09616520230028347,
  "level_0_1": 0.7357440309557495,
  "level_1_0": 0.49889647913222024,
  "level_1_1": 0.4069259907155014,
  "level_2_0": 0.6027027723828335,
  "level_2_1": 0.415061430164238,
  "level_3_0": 0.9048682282687106,
  "level_3_1": 0.0005857071249343315,
  "lr": "4e-5",
  "magnitude": 0.8,
  "max_seq_length": 128,
  "method": "taa",
  "model": {
    "type": "Bert"
  },
  "n_aug": 1,
  "num_cpus": 40,
  "num_gpus": 1,
  "num_op": 2,
  "num_policy": 4,
  "num_search": 200,
  "per_device_eval_batch_size": 128,
  "per_device_train_batch_size": 64,
  "policy_0_0": 4,
  "policy_0_1": 2,
  "policy_1_0": 1,
  "policy_1_1": 0,
  "policy_2_0": 4,
  "policy_2_1": 4,
  "policy_3_0": 2,
  "policy_3_1": 4,
  "prob_0_0": 0.10280264922212001,
  "prob_0_1": 0.9563877993746737,
  "prob_1_0": 0.7011482275825935,
  "prob_1_1": 0.5174220338782886,
  "prob_2_0": 0.053151044106520495,
  "prob_2_1": 0.9525300370372457,
  "prob_3_0": 0.5982865881586896,
  "prob_3_1": 0.12614602329121793,
  "redis": "localhost:6379",
  "seed": 59,
  "smoke": {
    "test": false
  },
  "tag": "pretrained_trail1_train-npc1000_n-aug1",
  "test": {
    "npc": 30
  },
  "topN": 3,
  "trail": 1,
  "train": {
    "npc": 1000
  },
  "until": 5,
  "valid": {
    "npc": 30
  }
}