{
  "_version": 1,
  "abspath": "/home/jovyan/examples/examples/pytorch/text-autoaugment",
  "aug": null,
  "config": [
    "taa/confs/bert_sst2_example.yaml"
  ],
  "dataset": {
    "data_dir": null,
    "data_files": null,
    "name": "sst2",
    "path": "glue",
    "text_key": "sentence"
  },
  "epoch": 1,
  "ir": 0.02,
  "level_0_0": 0.630123563802394,
  "level_0_1": 0.8820541853020509,
  "level_1_0": 0.5588675513164164,
  "level_1_1": 0.2207573020668515,
  "level_2_0": 0.4323869131882597,
  "level_2_1": 0.9259874249432335,
  "level_3_0": 0.16418679946789272,
  "level_3_1": 0.7177618965500486,
  "lr": "4e-5",
  "magnitude": 0.8,
  "max_seq_length": 128,
  "method": "taa",
  "model": {
    "type": "Bert"
  },
  "n_aug": 1,
  "num_cpus": 40,
  "num_gpus": 1,
  "num_op": 2,
  "num_policy": 4,
  "num_search": 200,
  "per_device_eval_batch_size": 128,
  "per_device_train_batch_size": 16,
  "policy_0_0": 3,
  "policy_0_1": 4,
  "policy_1_0": 3,
  "policy_1_1": 2,
  "policy_2_0": 4,
  "policy_2_1": 1,
  "policy_3_0": 3,
  "policy_3_1": 1,
  "prob_0_0": 0.5655699653995655,
  "prob_0_1": 0.3273376295114062,
  "prob_1_0": 0.3778013736139785,
  "prob_1_1": 0.8656857789332897,
  "prob_2_0": 0.7176331922029469,
  "prob_2_1": 0.3327362414592583,
  "prob_3_0": 0.5298789058050191,
  "prob_3_1": 0.9353102831035327,
  "redis": "localhost:6379",
  "seed": 59,
  "smoke": {
    "test": false
  },
  "tag": "pretrained_trail1_train-npc1000_n-aug1",
  "test": {
    "npc": 30
  },
  "topN": 3,
  "trail": 1,
  "train": {
    "npc": 1000
  },
  "until": 5,
  "valid": {
    "npc": 30
  }
}