{
  "_version": 1,
  "abspath": "/home/jovyan/examples/examples/pytorch/text-autoaugment",
  "aug": null,
  "config": [
    "taa/confs/bert_sst2_example.yaml"
  ],
  "dataset": {
    "data_dir": null,
    "data_files": null,
    "name": "sst2",
    "path": "glue",
    "text_key": "sentence"
  },
  "epoch": 1,
  "ir": 0.02,
  "level_0_0": 0.49172440375963355,
  "level_0_1": 0.11836521723649096,
  "level_1_0": 0.22337764777405567,
  "level_1_1": 0.7732969241518853,
  "level_2_0": 0.40691128675509036,
  "level_2_1": 0.48791055549931917,
  "level_3_0": 0.9659418991557013,
  "level_3_1": 0.8055678748724872,
  "lr": "4e-5",
  "magnitude": 0.8,
  "max_seq_length": 128,
  "method": "taa",
  "model": {
    "type": "Bert"
  },
  "n_aug": 1,
  "num_cpus": 40,
  "num_gpus": 1,
  "num_op": 2,
  "num_policy": 4,
  "num_search": 200,
  "per_device_eval_batch_size": 128,
  "per_device_train_batch_size": 16,
  "policy_0_0": 3,
  "policy_0_1": 1,
  "policy_1_0": 0,
  "policy_1_1": 3,
  "policy_2_0": 4,
  "policy_2_1": 2,
  "policy_3_0": 0,
  "policy_3_1": 1,
  "prob_0_0": 0.2301138855616398,
  "prob_0_1": 0.2514235082249291,
  "prob_1_0": 0.3360846877750492,
  "prob_1_1": 0.6954073549508333,
  "prob_2_0": 0.7250371712933575,
  "prob_2_1": 0.8469464270067176,
  "prob_3_0": 0.20673022371692573,
  "prob_3_1": 0.8145229381536998,
  "redis": "localhost:6379",
  "seed": 59,
  "smoke": {
    "test": false
  },
  "tag": "pretrained_trail1_train-npc1000_n-aug1",
  "test": {
    "npc": 30
  },
  "topN": 3,
  "trail": 1,
  "train": {
    "npc": 1000
  },
  "until": 5,
  "valid": {
    "npc": 30
  }
}