{
  "_version": 1,
  "abspath": "/home/jovyan/examples/examples/pytorch/text-autoaugment",
  "aug": null,
  "config": [
    "taa/confs/bert_sst2_example.yaml"
  ],
  "dataset": {
    "data_dir": null,
    "data_files": null,
    "name": "sst2",
    "path": "glue",
    "text_key": "sentence"
  },
  "epoch": 1,
  "ir": 0.02,
  "level_0_0": 0.877132152510651,
  "level_0_1": 0.3031710971610475,
  "level_1_0": 0.29606659876391295,
  "level_1_1": 0.2817233878336479,
  "level_2_0": 0.30850289014153387,
  "level_2_1": 0.8961591701233032,
  "level_3_0": 0.1218898103039544,
  "level_3_1": 0.052557835863111135,
  "lr": "4e-5",
  "magnitude": 0.8,
  "max_seq_length": 128,
  "method": "taa",
  "model": {
    "type": "Bert"
  },
  "n_aug": 1,
  "num_cpus": 40,
  "num_gpus": 1,
  "num_op": 2,
  "num_policy": 4,
  "num_search": 200,
  "per_device_eval_batch_size": 128,
  "per_device_train_batch_size": 16,
  "policy_0_0": 2,
  "policy_0_1": 2,
  "policy_1_0": 2,
  "policy_1_1": 0,
  "policy_2_0": 4,
  "policy_2_1": 3,
  "policy_3_0": 3,
  "policy_3_1": 2,
  "prob_0_0": 0.05306604375474322,
  "prob_0_1": 0.9811898035067439,
  "prob_1_0": 0.49511872428792447,
  "prob_1_1": 0.18805802930247206,
  "prob_2_0": 0.936536430181152,
  "prob_2_1": 0.3007523631460176,
  "prob_3_0": 0.8554137413025621,
  "prob_3_1": 0.38760615834430157,
  "redis": "localhost:6379",
  "seed": 59,
  "smoke": {
    "test": false
  },
  "tag": "pretrained_trail1_train-npc1000_n-aug1",
  "test": {
    "npc": 30
  },
  "topN": 3,
  "trail": 1,
  "train": {
    "npc": 1000
  },
  "until": 5,
  "valid": {
    "npc": 30
  }
}