{
  "_version": 1,
  "abspath": "/home/jovyan/examples/examples/pytorch/text-autoaugment",
  "aug": null,
  "config": [
    "taa/confs/bert_sst2_example.yaml"
  ],
  "dataset": {
    "data_dir": null,
    "data_files": null,
    "name": "sst2",
    "path": "glue",
    "text_key": "sentence"
  },
  "epoch": 1,
  "ir": 0.02,
  "level_0_0": 0.03098465587425492,
  "level_0_1": 0.6308551770878809,
  "level_1_0": 0.02079920656874512,
  "level_1_1": 0.5394568805668237,
  "level_2_0": 0.36408329423134234,
  "level_2_1": 0.9281573215813065,
  "level_3_0": 0.7563045780673965,
  "level_3_1": 0.4072117032547995,
  "lr": "4e-5",
  "magnitude": 0.8,
  "max_seq_length": 128,
  "method": "taa",
  "model": {
    "type": "Bert"
  },
  "n_aug": 1,
  "num_cpus": 40,
  "num_gpus": 1,
  "num_op": 2,
  "num_policy": 4,
  "num_search": 200,
  "per_device_eval_batch_size": 128,
  "per_device_train_batch_size": 16,
  "policy_0_0": 0,
  "policy_0_1": 3,
  "policy_1_0": 3,
  "policy_1_1": 1,
  "policy_2_0": 1,
  "policy_2_1": 1,
  "policy_3_0": 2,
  "policy_3_1": 1,
  "prob_0_0": 0.6997788964815022,
  "prob_0_1": 0.9209249233705152,
  "prob_1_0": 0.26998017733485014,
  "prob_1_1": 0.3445994118980681,
  "prob_2_0": 0.6600834591396326,
  "prob_2_1": 0.829118949086615,
  "prob_3_0": 0.3223268585325,
  "prob_3_1": 0.9241270498956035,
  "redis": "localhost:6379",
  "seed": 59,
  "smoke": {
    "test": false
  },
  "tag": "pretrained_trail1_train-npc1000_n-aug1",
  "test": {
    "npc": 30
  },
  "topN": 3,
  "trail": 1,
  "train": {
    "npc": 1000
  },
  "until": 5,
  "valid": {
    "npc": 30
  }
}