{
  "_version": 1,
  "abspath": "/home/jovyan/examples/examples/pytorch/text-autoaugment",
  "aug": null,
  "config": [
    "taa/confs/bert_sst2_example.yaml"
  ],
  "dataset": {
    "data_dir": null,
    "data_files": null,
    "name": "sst2",
    "path": "glue",
    "text_key": "sentence"
  },
  "epoch": 1,
  "ir": 0.02,
  "level_0_0": 0.027904723851610913,
  "level_0_1": 0.9172358733888657,
  "level_1_0": 0.4925602983605627,
  "level_1_1": 0.5340697019643768,
  "level_2_0": 0.9921719554836497,
  "level_2_1": 0.1980523144685492,
  "level_3_0": 0.4365775822445107,
  "level_3_1": 0.08451323080295048,
  "lr": "4e-5",
  "magnitude": 0.8,
  "max_seq_length": 128,
  "method": "taa",
  "model": {
    "type": "Bert"
  },
  "n_aug": 1,
  "num_cpus": 40,
  "num_gpus": 1,
  "num_op": 2,
  "num_policy": 4,
  "num_search": 200,
  "per_device_eval_batch_size": 128,
  "per_device_train_batch_size": 10,
  "policy_0_0": 3,
  "policy_0_1": 0,
  "policy_1_0": 3,
  "policy_1_1": 0,
  "policy_2_0": 3,
  "policy_2_1": 0,
  "policy_3_0": 2,
  "policy_3_1": 4,
  "prob_0_0": 0.05855159911272734,
  "prob_0_1": 0.48747830237607537,
  "prob_1_0": 0.1953177942987283,
  "prob_1_1": 0.455539660688391,
  "prob_2_0": 0.5924386871716726,
  "prob_2_1": 0.6465656434984561,
  "prob_3_0": 0.5809551873379665,
  "prob_3_1": 0.37980041997689784,
  "redis": "localhost:6379",
  "seed": 59,
  "smoke": {
    "test": false
  },
  "tag": "pretrained_trail1_train-npc1000_n-aug1",
  "test": {
    "npc": 30
  },
  "topN": 3,
  "trail": 1,
  "train": {
    "npc": 1000
  },
  "until": 5,
  "valid": {
    "npc": 30
  }
}