{
  "_version": 1,
  "abspath": "/home/jovyan/examples/examples/pytorch/text-autoaugment",
  "aug": null,
  "config": [
    "taa/confs/bert_sst2_example.yaml"
  ],
  "dataset": {
    "data_dir": null,
    "data_files": null,
    "name": "sst2",
    "path": "glue",
    "text_key": "sentence"
  },
  "epoch": 1,
  "ir": 0.02,
  "level_0_0": 0.47585743507103095,
  "level_0_1": 0.2843977287588466,
  "level_1_0": 0.2260794455861913,
  "level_1_1": 0.5827009116678862,
  "level_2_0": 0.38776517585587233,
  "level_2_1": 0.706038601867968,
  "level_3_0": 0.003745824422819344,
  "level_3_1": 0.9243289325745827,
  "lr": "4e-5",
  "magnitude": 0.8,
  "max_seq_length": 128,
  "method": "taa",
  "model": {
    "type": "Bert"
  },
  "n_aug": 1,
  "num_cpus": 40,
  "num_gpus": 1,
  "num_op": 2,
  "num_policy": 4,
  "num_search": 200,
  "per_device_eval_batch_size": 128,
  "per_device_train_batch_size": 16,
  "policy_0_0": 0,
  "policy_0_1": 0,
  "policy_1_0": 1,
  "policy_1_1": 0,
  "policy_2_0": 2,
  "policy_2_1": 4,
  "policy_3_0": 0,
  "policy_3_1": 3,
  "prob_0_0": 0.23840836310214897,
  "prob_0_1": 0.6425426537793878,
  "prob_1_0": 0.7684882645773469,
  "prob_1_1": 0.3000934949954611,
  "prob_2_0": 0.018032385115159588,
  "prob_2_1": 0.010668749885194173,
  "prob_3_0": 0.28927953894692593,
  "prob_3_1": 0.18159205426224412,
  "redis": "localhost:6379",
  "seed": 59,
  "smoke": {
    "test": false
  },
  "tag": "pretrained_trail1_train-npc1000_n-aug1",
  "test": {
    "npc": 30
  },
  "topN": 3,
  "trail": 1,
  "train": {
    "npc": 1000
  },
  "until": 5,
  "valid": {
    "npc": 30
  }
}