{
  "_version": 1,
  "abspath": "/home/jovyan/examples/examples/pytorch/text-autoaugment",
  "aug": null,
  "config": [
    "taa/confs/bert_sst2_example.yaml"
  ],
  "dataset": {
    "data_dir": null,
    "data_files": null,
    "name": "sst2",
    "path": "glue",
    "text_key": "sentence"
  },
  "epoch": 1,
  "ir": 0.02,
  "level_0_0": 0.5268314065623126,
  "level_0_1": 0.29595046875219777,
  "level_1_0": 0.8154952515047776,
  "level_1_1": 0.9480099088907219,
  "level_2_0": 0.8997474536371737,
  "level_2_1": 0.5806018508095961,
  "level_3_0": 0.8499960690332597,
  "level_3_1": 0.7478980062448873,
  "lr": "4e-5",
  "magnitude": 0.8,
  "max_seq_length": 128,
  "method": "taa",
  "model": {
    "type": "Bert"
  },
  "n_aug": 1,
  "num_cpus": 40,
  "num_gpus": 1,
  "num_op": 2,
  "num_policy": 4,
  "num_search": 200,
  "per_device_eval_batch_size": 128,
  "per_device_train_batch_size": 16,
  "policy_0_0": 0,
  "policy_0_1": 4,
  "policy_1_0": 0,
  "policy_1_1": 4,
  "policy_2_0": 1,
  "policy_2_1": 2,
  "policy_3_0": 2,
  "policy_3_1": 4,
  "prob_0_0": 0.09627646416763569,
  "prob_0_1": 0.6900441620934156,
  "prob_1_0": 0.4800496009833223,
  "prob_1_1": 0.5999671605609642,
  "prob_2_0": 0.6288795333440605,
  "prob_2_1": 0.17997853495017857,
  "prob_3_0": 0.9353886102597173,
  "prob_3_1": 0.8346584158528775,
  "redis": "localhost:6379",
  "seed": 59,
  "smoke": {
    "test": false
  },
  "tag": "pretrained_trail1_train-npc1000_n-aug1",
  "test": {
    "npc": 30
  },
  "topN": 3,
  "trail": 1,
  "train": {
    "npc": 1000
  },
  "until": 5,
  "valid": {
    "npc": 30
  }
}