{
  "_version": 1,
  "abspath": "/home/jovyan/examples/examples/pytorch/text-autoaugment",
  "aug": null,
  "config": [
    "taa/confs/bert_sst2_example.yaml"
  ],
  "dataset": {
    "data_dir": null,
    "data_files": null,
    "name": "sst2",
    "path": "glue",
    "text_key": "sentence"
  },
  "epoch": 1,
  "ir": 0.02,
  "level_0_0": 0.8691739427503528,
  "level_0_1": 0.13233447506390505,
  "level_1_0": 0.5137205378727472,
  "level_1_1": 0.5742721745053686,
  "level_2_0": 0.26301351310952736,
  "level_2_1": 0.971917604419175,
  "level_3_0": 0.06574507627983583,
  "level_3_1": 0.1776164656662188,
  "lr": "4e-5",
  "magnitude": 0.8,
  "max_seq_length": 128,
  "method": "taa",
  "model": {
    "type": "Bert"
  },
  "n_aug": 1,
  "num_cpus": 40,
  "num_gpus": 1,
  "num_op": 2,
  "num_policy": 4,
  "num_search": 200,
  "per_device_eval_batch_size": 128,
  "per_device_train_batch_size": 16,
  "policy_0_0": 4,
  "policy_0_1": 0,
  "policy_1_0": 2,
  "policy_1_1": 4,
  "policy_2_0": 1,
  "policy_2_1": 1,
  "policy_3_0": 4,
  "policy_3_1": 1,
  "prob_0_0": 0.6581856692047228,
  "prob_0_1": 0.3493163965419759,
  "prob_1_0": 0.05192644211228348,
  "prob_1_1": 0.35467227845379035,
  "prob_2_0": 0.9704148038735617,
  "prob_2_1": 0.11808535038964463,
  "prob_3_0": 0.12660830662978317,
  "prob_3_1": 0.09170041380436,
  "redis": "localhost:6379",
  "seed": 59,
  "smoke": {
    "test": false
  },
  "tag": "pretrained_trail1_train-npc1000_n-aug1",
  "test": {
    "npc": 30
  },
  "topN": 3,
  "trail": 1,
  "train": {
    "npc": 1000
  },
  "until": 5,
  "valid": {
    "npc": 30
  }
}