{
  "_version": 1,
  "abspath": "/home/jovyan/examples/examples/pytorch/text-autoaugment",
  "aug": null,
  "config": [
    "taa/confs/bert_sst2_example.yaml"
  ],
  "dataset": {
    "data_dir": null,
    "data_files": null,
    "name": "sst2",
    "path": "glue",
    "text_key": "sentence"
  },
  "epoch": 1,
  "ir": 0.02,
  "level_0_0": 0.4892931588340702,
  "level_0_1": 0.9719154116927194,
  "level_1_0": 0.8855092427192639,
  "level_1_1": 0.8500023708618847,
  "level_2_0": 0.7859255924112135,
  "level_2_1": 0.6127680754883513,
  "level_3_0": 0.7212608611604716,
  "level_3_1": 0.48405603520393325,
  "lr": "4e-5",
  "magnitude": 0.8,
  "max_seq_length": 128,
  "method": "taa",
  "model": {
    "type": "Bert"
  },
  "n_aug": 1,
  "num_cpus": 40,
  "num_gpus": 1,
  "num_op": 2,
  "num_policy": 4,
  "num_search": 200,
  "per_device_eval_batch_size": 128,
  "per_device_train_batch_size": 10,
  "policy_0_0": 1,
  "policy_0_1": 0,
  "policy_1_0": 4,
  "policy_1_1": 4,
  "policy_2_0": 3,
  "policy_2_1": 2,
  "policy_3_0": 1,
  "policy_3_1": 4,
  "prob_0_0": 0.5623228471354222,
  "prob_0_1": 0.069824232320995,
  "prob_1_0": 0.3857722374717919,
  "prob_1_1": 0.48394175895011426,
  "prob_2_0": 0.24487690427538966,
  "prob_2_1": 0.03752747470219764,
  "prob_3_0": 0.1730869234611444,
  "prob_3_1": 0.4936936092711741,
  "redis": "localhost:6379",
  "seed": 59,
  "smoke": {
    "test": false
  },
  "tag": "pretrained_trail1_train-npc1000_n-aug1",
  "test": {
    "npc": 30
  },
  "topN": 3,
  "trail": 1,
  "train": {
    "npc": 1000
  },
  "until": 5,
  "valid": {
    "npc": 30
  }
}