{
  "_version": 1,
  "abspath": "/home/jovyan/examples/examples/pytorch/text-autoaugment",
  "aug": null,
  "config": [
    "taa/confs/bert_sst2_example.yaml"
  ],
  "dataset": {
    "data_dir": null,
    "data_files": null,
    "name": "sst2",
    "path": "glue",
    "text_key": "sentence"
  },
  "epoch": 1,
  "ir": 0.02,
  "level_0_0": 0.7559028964115079,
  "level_0_1": 0.8713958946885635,
  "level_1_0": 0.4814448365806354,
  "level_1_1": 0.4199869947083298,
  "level_2_0": 0.9979050114265527,
  "level_2_1": 0.9316329023323096,
  "level_3_0": 0.7438565679773206,
  "level_3_1": 0.5246540049104654,
  "lr": "4e-5",
  "magnitude": 0.8,
  "max_seq_length": 128,
  "method": "taa",
  "model": {
    "type": "Bert"
  },
  "n_aug": 1,
  "num_cpus": 40,
  "num_gpus": 1,
  "num_op": 2,
  "num_policy": 4,
  "num_search": 200,
  "per_device_eval_batch_size": 128,
  "per_device_train_batch_size": 16,
  "policy_0_0": 1,
  "policy_0_1": 2,
  "policy_1_0": 0,
  "policy_1_1": 1,
  "policy_2_0": 2,
  "policy_2_1": 0,
  "policy_3_0": 1,
  "policy_3_1": 1,
  "prob_0_0": 0.8115009220281421,
  "prob_0_1": 0.17398164024609053,
  "prob_1_0": 0.855335302650588,
  "prob_1_1": 0.7442735204972836,
  "prob_2_0": 0.5667005617082258,
  "prob_2_1": 0.33927063838543237,
  "prob_3_0": 0.3451806344308145,
  "prob_3_1": 0.03609557331386015,
  "redis": "localhost:6379",
  "seed": 59,
  "smoke": {
    "test": false
  },
  "tag": "pretrained_trail1_train-npc1000_n-aug1",
  "test": {
    "npc": 30
  },
  "topN": 3,
  "trail": 1,
  "train": {
    "npc": 1000
  },
  "until": 5,
  "valid": {
    "npc": 30
  }
}