{
  "_version": 1,
  "abspath": "/home/jovyan/examples/examples/pytorch/text-autoaugment",
  "aug": null,
  "config": [
    "taa/confs/bert_sst2_example.yaml"
  ],
  "dataset": {
    "data_dir": null,
    "data_files": null,
    "name": "sst2",
    "path": "glue",
    "text_key": "sentence"
  },
  "epoch": 1,
  "ir": 0.02,
  "level_0_0": 0.29201465623036693,
  "level_0_1": 0.5094155708216002,
  "level_1_0": 0.8744818246651321,
  "level_1_1": 0.6389332049325063,
  "level_2_0": 0.9302569879538486,
  "level_2_1": 0.9846838727438096,
  "level_3_0": 0.8135178253587929,
  "level_3_1": 0.2536189824357572,
  "lr": "4e-5",
  "magnitude": 0.8,
  "max_seq_length": 128,
  "method": "taa",
  "model": {
    "type": "Bert"
  },
  "n_aug": 1,
  "num_cpus": 40,
  "num_gpus": 1,
  "num_op": 2,
  "num_policy": 4,
  "num_search": 200,
  "per_device_eval_batch_size": 128,
  "per_device_train_batch_size": 16,
  "policy_0_0": 4,
  "policy_0_1": 2,
  "policy_1_0": 2,
  "policy_1_1": 2,
  "policy_2_0": 0,
  "policy_2_1": 3,
  "policy_3_0": 3,
  "policy_3_1": 4,
  "prob_0_0": 0.8659203092343211,
  "prob_0_1": 0.45568305690193445,
  "prob_1_0": 0.034152353280002545,
  "prob_1_1": 0.4617836612128682,
  "prob_2_0": 0.5726354759953691,
  "prob_2_1": 0.6006081925566992,
  "prob_3_0": 0.8670686249465535,
  "prob_3_1": 0.4791984040014792,
  "redis": "localhost:6379",
  "seed": 59,
  "smoke": {
    "test": false
  },
  "tag": "pretrained_trail1_train-npc1000_n-aug1",
  "test": {
    "npc": 30
  },
  "topN": 3,
  "trail": 1,
  "train": {
    "npc": 1000
  },
  "until": 5,
  "valid": {
    "npc": 30
  }
}