{
  "_version": 1,
  "abspath": "~/examples/examples/pytorch/text-autoaugment",
  "aug": null,
  "config": [
    "taa/confs/bert_sst2_example.yaml"
  ],
  "dataset": {
    "data_dir": null,
    "data_files": null,
    "name": "sst2",
    "path": "glue",
    "text_key": "sentence"
  },
  "epoch": 10,
  "ir": 0.02,
  "level_0_0": 0.8349381443256646,
  "level_0_1": 0.706541072685617,
  "level_1_0": 0.6869206132083912,
  "level_1_1": 0.3358926834534387,
  "level_2_0": 0.6914425597639831,
  "level_2_1": 0.4130646030483841,
  "level_3_0": 0.17250498463053043,
  "level_3_1": 0.11097789780161216,
  "lr": "4e-5",
  "magnitude": 0.8,
  "max_seq_length": 128,
  "method": "taa",
  "model": {
    "type": "Bert"
  },
  "n_aug": 1,
  "num_cpus": 40,
  "num_gpus": 1,
  "num_op": 2,
  "num_policy": 4,
  "num_search": 200,
  "per_device_eval_batch_size": 128,
  "per_device_train_batch_size": 64,
  "policy_0_0": 4,
  "policy_0_1": 2,
  "policy_1_0": 1,
  "policy_1_1": 1,
  "policy_2_0": 2,
  "policy_2_1": 1,
  "policy_3_0": 0,
  "policy_3_1": 1,
  "prob_0_0": 0.5218449713701988,
  "prob_0_1": 0.24001378899698034,
  "prob_1_0": 0.9796970768368418,
  "prob_1_1": 0.6753866127866043,
  "prob_2_0": 0.8014276843039221,
  "prob_2_1": 0.12417782862694826,
  "prob_3_0": 0.6194630685297128,
  "prob_3_1": 0.8201150056840174,
  "redis": "localhost:6379",
  "seed": 59,
  "smoke": {
    "test": false
  },
  "tag": "pretrained_trail1_train-npc1000_n-aug1",
  "test": {
    "npc": 30
  },
  "topN": 3,
  "trail": 1,
  "train": {
    "npc": 1000
  },
  "until": 5,
  "valid": {
    "npc": 30
  }
}