{
  "_version": 1,
  "abspath": "/home/jovyan/examples/examples/pytorch/text-autoaugment",
  "aug": null,
  "config": [
    "taa/confs/bert_sst2_example.yaml"
  ],
  "dataset": {
    "data_dir": null,
    "data_files": null,
    "name": "sst2",
    "path": "glue",
    "text_key": "sentence"
  },
  "epoch": 1,
  "ir": 0.02,
  "level_0_0": 0.1619478325095105,
  "level_0_1": 0.4485254054427473,
  "level_1_0": 0.5300792787597987,
  "level_1_1": 0.40993859058966253,
  "level_2_0": 0.4644191694707207,
  "level_2_1": 0.7259290997781284,
  "level_3_0": 0.9087143149960829,
  "level_3_1": 0.8926437037120226,
  "lr": "4e-5",
  "magnitude": 0.8,
  "max_seq_length": 128,
  "method": "taa",
  "model": {
    "type": "Bert"
  },
  "n_aug": 1,
  "num_cpus": 40,
  "num_gpus": 1,
  "num_op": 2,
  "num_policy": 4,
  "num_search": 200,
  "per_device_eval_batch_size": 128,
  "per_device_train_batch_size": 10,
  "policy_0_0": 3,
  "policy_0_1": 0,
  "policy_1_0": 2,
  "policy_1_1": 0,
  "policy_2_0": 0,
  "policy_2_1": 2,
  "policy_3_0": 0,
  "policy_3_1": 1,
  "prob_0_0": 0.8056486388545526,
  "prob_0_1": 0.1472842313685977,
  "prob_1_0": 0.776046275969381,
  "prob_1_1": 0.2387041443005784,
  "prob_2_0": 0.21081148871541566,
  "prob_2_1": 0.537253858214267,
  "prob_3_0": 0.8902873966234055,
  "prob_3_1": 0.32791654373962675,
  "redis": "localhost:6379",
  "seed": 59,
  "smoke": {
    "test": false
  },
  "tag": "pretrained_trail1_train-npc1000_n-aug1",
  "test": {
    "npc": 30
  },
  "topN": 3,
  "trail": 1,
  "train": {
    "npc": 1000
  },
  "until": 5,
  "valid": {
    "npc": 30
  }
}