{
  "_version": 1,
  "abspath": "/home/jovyan/examples/examples/pytorch/text-autoaugment",
  "aug": null,
  "config": [
    "taa/confs/bert_sst2_example.yaml"
  ],
  "dataset": {
    "data_dir": null,
    "data_files": null,
    "name": "sst2",
    "path": "glue",
    "text_key": "sentence"
  },
  "epoch": 1,
  "ir": 0.02,
  "level_0_0": 0.3313889073400189,
  "level_0_1": 0.3600910103714672,
  "level_1_0": 0.415930168257565,
  "level_1_1": 0.7189296221613568,
  "level_2_0": 0.4712518171589769,
  "level_2_1": 0.7421882399958106,
  "level_3_0": 0.31394836628432865,
  "level_3_1": 0.11903138245658851,
  "lr": "4e-5",
  "magnitude": 0.8,
  "max_seq_length": 128,
  "method": "taa",
  "model": {
    "type": "Bert"
  },
  "n_aug": 1,
  "num_cpus": 40,
  "num_gpus": 1,
  "num_op": 2,
  "num_policy": 4,
  "num_search": 200,
  "per_device_eval_batch_size": 128,
  "per_device_train_batch_size": 16,
  "policy_0_0": 2,
  "policy_0_1": 0,
  "policy_1_0": 1,
  "policy_1_1": 2,
  "policy_2_0": 2,
  "policy_2_1": 3,
  "policy_3_0": 0,
  "policy_3_1": 0,
  "prob_0_0": 0.9689957053387749,
  "prob_0_1": 0.17788063875897608,
  "prob_1_0": 0.4309721410819267,
  "prob_1_1": 0.22542341027546953,
  "prob_2_0": 0.922057216942335,
  "prob_2_1": 0.6585279574650571,
  "prob_3_0": 0.2873367576937189,
  "prob_3_1": 0.87728694697994,
  "redis": "localhost:6379",
  "seed": 59,
  "smoke": {
    "test": false
  },
  "tag": "pretrained_trail1_train-npc1000_n-aug1",
  "test": {
    "npc": 30
  },
  "topN": 3,
  "trail": 1,
  "train": {
    "npc": 1000
  },
  "until": 5,
  "valid": {
    "npc": 30
  }
}