{
  "_version": 1,
  "abspath": "/home/jovyan/examples/examples/pytorch/text-autoaugment",
  "aug": null,
  "config": [
    "taa/confs/bert_sst2_example.yaml"
  ],
  "dataset": {
    "data_dir": null,
    "data_files": null,
    "name": "sst2",
    "path": "glue",
    "text_key": "sentence"
  },
  "epoch": 10,
  "ir": 0.02,
  "level_0_0": 0.13783727328743545,
  "level_0_1": 0.40639434413058184,
  "level_1_0": 0.01901735716409214,
  "level_1_1": 0.7921222485274921,
  "level_2_0": 0.23052717516444543,
  "level_2_1": 0.33161528531228257,
  "level_3_0": 0.12429662291581622,
  "level_3_1": 0.44742408799278655,
  "lr": "4e-5",
  "magnitude": 0.8,
  "max_seq_length": 128,
  "method": "taa",
  "model": {
    "type": "Bert"
  },
  "n_aug": 1,
  "num_cpus": 40,
  "num_gpus": 1,
  "num_op": 2,
  "num_policy": 4,
  "num_search": 200,
  "per_device_eval_batch_size": 128,
  "per_device_train_batch_size": 64,
  "policy_0_0": 3,
  "policy_0_1": 4,
  "policy_1_0": 4,
  "policy_1_1": 0,
  "policy_2_0": 3,
  "policy_2_1": 1,
  "policy_3_0": 3,
  "policy_3_1": 0,
  "prob_0_0": 0.9674320768370165,
  "prob_0_1": 0.9840601059139166,
  "prob_1_0": 0.13324475445254313,
  "prob_1_1": 0.5277673018930555,
  "prob_2_0": 0.2821286205210297,
  "prob_2_1": 0.28203863321168066,
  "prob_3_0": 0.13000738363160846,
  "prob_3_1": 0.7296358769153836,
  "redis": "localhost:6379",
  "seed": 59,
  "smoke": {
    "test": false
  },
  "tag": "pretrained_trail1_train-npc1000_n-aug1",
  "test": {
    "npc": 30
  },
  "topN": 3,
  "trail": 1,
  "train": {
    "npc": 1000
  },
  "until": 5,
  "valid": {
    "npc": 30
  }
}