{
  "_version": 1,
  "abspath": "/home/jovyan/examples/examples/pytorch/text-autoaugment",
  "aug": null,
  "config": [
    "taa/confs/bert_sst2_example.yaml"
  ],
  "dataset": {
    "data_dir": null,
    "data_files": null,
    "name": "sst2",
    "path": "glue",
    "text_key": "sentence"
  },
  "epoch": 1,
  "ir": 0.02,
  "level_0_0": 0.25083898194947973,
  "level_0_1": 0.3166728130213393,
  "level_1_0": 0.20738418129940117,
  "level_1_1": 0.9195554087379848,
  "level_2_0": 0.8328912687954685,
  "level_2_1": 0.6810246521870136,
  "level_3_0": 0.17719480183428804,
  "level_3_1": 0.03391421946740791,
  "lr": "4e-5",
  "magnitude": 0.8,
  "max_seq_length": 128,
  "method": "taa",
  "model": {
    "type": "Bert"
  },
  "n_aug": 1,
  "num_cpus": 40,
  "num_gpus": 1,
  "num_op": 2,
  "num_policy": 4,
  "num_search": 200,
  "per_device_eval_batch_size": 128,
  "per_device_train_batch_size": 10,
  "policy_0_0": 4,
  "policy_0_1": 4,
  "policy_1_0": 1,
  "policy_1_1": 1,
  "policy_2_0": 4,
  "policy_2_1": 0,
  "policy_3_0": 2,
  "policy_3_1": 2,
  "prob_0_0": 0.04516417464600253,
  "prob_0_1": 0.3304274769659524,
  "prob_1_0": 0.8840136246425156,
  "prob_1_1": 0.6923133608650881,
  "prob_2_0": 0.258158364774541,
  "prob_2_1": 0.6927187448506736,
  "prob_3_0": 0.09974988452848987,
  "prob_3_1": 0.6661172823169341,
  "redis": "localhost:6379",
  "seed": 59,
  "smoke": {
    "test": false
  },
  "tag": "pretrained_trail1_train-npc1000_n-aug1",
  "test": {
    "npc": 30
  },
  "topN": 3,
  "trail": 1,
  "train": {
    "npc": 1000
  },
  "until": 5,
  "valid": {
    "npc": 30
  }
}