{
  "_version": 1,
  "abspath": "/home/jovyan/examples/examples/pytorch/text-autoaugment",
  "aug": null,
  "config": [
    "taa/confs/bert_sst2_example.yaml"
  ],
  "dataset": {
    "data_dir": null,
    "data_files": null,
    "name": "sst2",
    "path": "glue",
    "text_key": "sentence"
  },
  "epoch": 1,
  "ir": 0.02,
  "level_0_0": 0.5613336651546396,
  "level_0_1": 0.15392376986064227,
  "level_1_0": 0.08351080622231022,
  "level_1_1": 0.5525930470472811,
  "level_2_0": 0.5918757923407734,
  "level_2_1": 0.9303806012082267,
  "level_3_0": 0.8271043366378987,
  "level_3_1": 0.11068083746583934,
  "lr": "4e-5",
  "magnitude": 0.8,
  "max_seq_length": 128,
  "method": "taa",
  "model": {
    "type": "Bert"
  },
  "n_aug": 1,
  "num_cpus": 40,
  "num_gpus": 1,
  "num_op": 2,
  "num_policy": 4,
  "num_search": 200,
  "per_device_eval_batch_size": 128,
  "per_device_train_batch_size": 16,
  "policy_0_0": 0,
  "policy_0_1": 1,
  "policy_1_0": 0,
  "policy_1_1": 1,
  "policy_2_0": 4,
  "policy_2_1": 0,
  "policy_3_0": 4,
  "policy_3_1": 4,
  "prob_0_0": 0.8569977204695817,
  "prob_0_1": 0.14823242216143595,
  "prob_1_0": 0.6851040154864042,
  "prob_1_1": 0.2418748161107359,
  "prob_2_0": 0.5166575001869987,
  "prob_2_1": 0.48683773456356794,
  "prob_3_0": 0.6241435246452726,
  "prob_3_1": 0.9681554581095948,
  "redis": "localhost:6379",
  "seed": 59,
  "smoke": {
    "test": false
  },
  "tag": "pretrained_trail1_train-npc1000_n-aug1",
  "test": {
    "npc": 30
  },
  "topN": 3,
  "trail": 1,
  "train": {
    "npc": 1000
  },
  "until": 5,
  "valid": {
    "npc": 30
  }
}