{
  "_version": 1,
  "abspath": "/home/jovyan/examples/examples/pytorch/text-autoaugment",
  "aug": null,
  "config": [
    "taa/confs/bert_sst2_example.yaml"
  ],
  "dataset": {
    "data_dir": null,
    "data_files": null,
    "name": "sst2",
    "path": "glue",
    "text_key": "sentence"
  },
  "epoch": 1,
  "ir": 0.02,
  "level_0_0": 0.7260443047201933,
  "level_0_1": 0.3013493410172057,
  "level_1_0": 0.32121010803446015,
  "level_1_1": 0.14240184884398632,
  "level_2_0": 0.6776365477529637,
  "level_2_1": 0.3306532542057975,
  "level_3_0": 0.1705468692389579,
  "level_3_1": 0.4919304704912334,
  "lr": "4e-5",
  "magnitude": 0.8,
  "max_seq_length": 128,
  "method": "taa",
  "model": {
    "type": "Bert"
  },
  "n_aug": 1,
  "num_cpus": 40,
  "num_gpus": 1,
  "num_op": 2,
  "num_policy": 4,
  "num_search": 200,
  "per_device_eval_batch_size": 128,
  "per_device_train_batch_size": 16,
  "policy_0_0": 1,
  "policy_0_1": 3,
  "policy_1_0": 3,
  "policy_1_1": 2,
  "policy_2_0": 0,
  "policy_2_1": 1,
  "policy_3_0": 3,
  "policy_3_1": 4,
  "prob_0_0": 0.8613332161718564,
  "prob_0_1": 0.7061082006664534,
  "prob_1_0": 0.15595108157212156,
  "prob_1_1": 0.36228026956941695,
  "prob_2_0": 0.3932140851909448,
  "prob_2_1": 0.1840086711247838,
  "prob_3_0": 0.39071361438228414,
  "prob_3_1": 0.7597871705593662,
  "redis": "localhost:6379",
  "seed": 59,
  "smoke": {
    "test": false
  },
  "tag": "pretrained_trail1_train-npc1000_n-aug1",
  "test": {
    "npc": 30
  },
  "topN": 3,
  "trail": 1,
  "train": {
    "npc": 1000
  },
  "until": 5,
  "valid": {
    "npc": 30
  }
}