{
  "_version": 1,
  "abspath": "/home/jovyan/examples/examples/pytorch/text-autoaugment",
  "aug": null,
  "config": [
    "taa/confs/bert_sst2_example.yaml"
  ],
  "dataset": {
    "data_dir": null,
    "data_files": null,
    "name": "sst2",
    "path": "glue",
    "text_key": "sentence"
  },
  "epoch": 1,
  "ir": 0.02,
  "level_0_0": 0.1137596730613073,
  "level_0_1": 0.19872625818336687,
  "level_1_0": 0.7405173766824467,
  "level_1_1": 0.6451179408894557,
  "level_2_0": 0.8677349244554339,
  "level_2_1": 0.9923036933061478,
  "level_3_0": 0.5848895957243615,
  "level_3_1": 0.7339836279694482,
  "lr": "4e-5",
  "magnitude": 0.8,
  "max_seq_length": 128,
  "method": "taa",
  "model": {
    "type": "Bert"
  },
  "n_aug": 1,
  "num_cpus": 40,
  "num_gpus": 1,
  "num_op": 2,
  "num_policy": 4,
  "num_search": 200,
  "per_device_eval_batch_size": 128,
  "per_device_train_batch_size": 16,
  "policy_0_0": 1,
  "policy_0_1": 2,
  "policy_1_0": 0,
  "policy_1_1": 3,
  "policy_2_0": 2,
  "policy_2_1": 0,
  "policy_3_0": 3,
  "policy_3_1": 2,
  "prob_0_0": 0.6664817293005688,
  "prob_0_1": 0.9256230766962826,
  "prob_1_0": 0.5522214464997139,
  "prob_1_1": 0.638584052183331,
  "prob_2_0": 0.7841320317888446,
  "prob_2_1": 0.882374264735355,
  "prob_3_0": 0.3938930320134558,
  "prob_3_1": 0.7453127962872282,
  "redis": "localhost:6379",
  "seed": 59,
  "smoke": {
    "test": false
  },
  "tag": "pretrained_trail1_train-npc1000_n-aug1",
  "test": {
    "npc": 30
  },
  "topN": 3,
  "trail": 1,
  "train": {
    "npc": 1000
  },
  "until": 5,
  "valid": {
    "npc": 30
  }
}