{
  "_version": 1,
  "abspath": "/home/jovyan/examples/examples/pytorch/text-autoaugment",
  "aug": null,
  "config": [
    "taa/confs/bert_sst2_example.yaml"
  ],
  "dataset": {
    "data_dir": null,
    "data_files": null,
    "name": "sst2",
    "path": "glue",
    "text_key": "sentence"
  },
  "epoch": 1,
  "ir": 0.02,
  "level_0_0": 0.0440574134912618,
  "level_0_1": 0.5740981098368576,
  "level_1_0": 0.8295649409110833,
  "level_1_1": 0.014579591174916251,
  "level_2_0": 0.05568774022438583,
  "level_2_1": 0.618983690881441,
  "level_3_0": 0.06546249010402694,
  "level_3_1": 0.0942826769250853,
  "lr": "4e-5",
  "magnitude": 0.8,
  "max_seq_length": 128,
  "method": "taa",
  "model": {
    "type": "Bert"
  },
  "n_aug": 1,
  "num_cpus": 40,
  "num_gpus": 1,
  "num_op": 2,
  "num_policy": 4,
  "num_search": 200,
  "per_device_eval_batch_size": 128,
  "per_device_train_batch_size": 16,
  "policy_0_0": 2,
  "policy_0_1": 1,
  "policy_1_0": 4,
  "policy_1_1": 3,
  "policy_2_0": 2,
  "policy_2_1": 0,
  "policy_3_0": 0,
  "policy_3_1": 4,
  "prob_0_0": 0.23348029696693928,
  "prob_0_1": 0.6873934281536933,
  "prob_1_0": 0.6720812965056187,
  "prob_1_1": 0.881418401944144,
  "prob_2_0": 0.5008638498738196,
  "prob_2_1": 0.3536144889000873,
  "prob_3_0": 0.09143546982799688,
  "prob_3_1": 0.9678866853810203,
  "redis": "localhost:6379",
  "seed": 59,
  "smoke": {
    "test": false
  },
  "tag": "pretrained_trail1_train-npc1000_n-aug1",
  "test": {
    "npc": 30
  },
  "topN": 3,
  "trail": 1,
  "train": {
    "npc": 1000
  },
  "until": 5,
  "valid": {
    "npc": 30
  }
}