{
  "_version": 1,
  "abspath": "/home/jovyan/examples/examples/pytorch/text-autoaugment",
  "aug": null,
  "config": [
    "taa/confs/bert_sst2_example.yaml"
  ],
  "dataset": {
    "data_dir": null,
    "data_files": null,
    "name": "sst2",
    "path": "glue",
    "text_key": "sentence"
  },
  "epoch": 1,
  "ir": 0.02,
  "level_0_0": 0.16988607405525802,
  "level_0_1": 0.0266773204102283,
  "level_1_0": 0.9374464676583464,
  "level_1_1": 0.34467717911320916,
  "level_2_0": 0.26571701249367674,
  "level_2_1": 0.49554535537240174,
  "level_3_0": 0.544304855781224,
  "level_3_1": 0.23446582745566902,
  "lr": "4e-5",
  "magnitude": 0.8,
  "max_seq_length": 128,
  "method": "taa",
  "model": {
    "type": "Bert"
  },
  "n_aug": 1,
  "num_cpus": 40,
  "num_gpus": 1,
  "num_op": 2,
  "num_policy": 4,
  "num_search": 200,
  "per_device_eval_batch_size": 128,
  "per_device_train_batch_size": 16,
  "policy_0_0": 0,
  "policy_0_1": 1,
  "policy_1_0": 2,
  "policy_1_1": 4,
  "policy_2_0": 2,
  "policy_2_1": 3,
  "policy_3_0": 1,
  "policy_3_1": 1,
  "prob_0_0": 0.9993092187684658,
  "prob_0_1": 0.7894439824202512,
  "prob_1_0": 0.7837582718180708,
  "prob_1_1": 0.5335085448517043,
  "prob_2_0": 0.5853072025634406,
  "prob_2_1": 0.8974279385229649,
  "prob_3_0": 0.05254438809495021,
  "prob_3_1": 0.4065056840647314,
  "redis": "localhost:6379",
  "seed": 59,
  "smoke": {
    "test": false
  },
  "tag": "pretrained_trail1_train-npc1000_n-aug1",
  "test": {
    "npc": 30
  },
  "topN": 3,
  "trail": 1,
  "train": {
    "npc": 1000
  },
  "until": 5,
  "valid": {
    "npc": 30
  }
}