{
  "_version": 1,
  "abspath": "/home/jovyan/examples/examples/pytorch/text-autoaugment",
  "aug": null,
  "config": [
    "taa/confs/bert_sst2_example.yaml"
  ],
  "dataset": {
    "data_dir": null,
    "data_files": null,
    "name": "sst2",
    "path": "glue",
    "text_key": "sentence"
  },
  "epoch": 1,
  "ir": 0.02,
  "level_0_0": 0.7966408974982643,
  "level_0_1": 0.5432731560971885,
  "level_1_0": 0.6031087634618975,
  "level_1_1": 0.3618181657300319,
  "level_2_0": 0.89104249431261,
  "level_2_1": 0.5766187395572199,
  "level_3_0": 0.786359196967081,
  "level_3_1": 0.8035158738376462,
  "lr": "4e-5",
  "magnitude": 0.8,
  "max_seq_length": 128,
  "method": "taa",
  "model": {
    "type": "Bert"
  },
  "n_aug": 1,
  "num_cpus": 40,
  "num_gpus": 1,
  "num_op": 2,
  "num_policy": 4,
  "num_search": 200,
  "per_device_eval_batch_size": 128,
  "per_device_train_batch_size": 16,
  "policy_0_0": 0,
  "policy_0_1": 0,
  "policy_1_0": 2,
  "policy_1_1": 4,
  "policy_2_0": 3,
  "policy_2_1": 2,
  "policy_3_0": 4,
  "policy_3_1": 0,
  "prob_0_0": 0.4606982478486684,
  "prob_0_1": 0.31897695157730355,
  "prob_1_0": 0.9218886078949311,
  "prob_1_1": 0.6775956464197412,
  "prob_2_0": 0.6636392487097365,
  "prob_2_1": 0.10240619679641616,
  "prob_3_0": 0.4603856393728978,
  "prob_3_1": 0.5812253204494506,
  "redis": "localhost:6379",
  "seed": 59,
  "smoke": {
    "test": false
  },
  "tag": "pretrained_trail1_train-npc1000_n-aug1",
  "test": {
    "npc": 30
  },
  "topN": 3,
  "trail": 1,
  "train": {
    "npc": 1000
  },
  "until": 5,
  "valid": {
    "npc": 30
  }
}