{
  "_version": 1,
  "abspath": "/home/jovyan/examples/examples/pytorch/text-autoaugment",
  "aug": null,
  "config": [
    "taa/confs/bert_sst2_example.yaml"
  ],
  "dataset": {
    "data_dir": null,
    "data_files": null,
    "name": "sst2",
    "path": "glue",
    "text_key": "sentence"
  },
  "epoch": 1,
  "ir": 0.02,
  "level_0_0": 0.6977225976608169,
  "level_0_1": 0.902937380757868,
  "level_1_0": 0.8593553616747636,
  "level_1_1": 0.8969138077983975,
  "level_2_0": 0.6941241651592329,
  "level_2_1": 0.2292915954782282,
  "level_3_0": 0.09326170334216488,
  "level_3_1": 0.27976300480742433,
  "lr": "4e-5",
  "magnitude": 0.8,
  "max_seq_length": 128,
  "method": "taa",
  "model": {
    "type": "Bert"
  },
  "n_aug": 1,
  "num_cpus": 40,
  "num_gpus": 1,
  "num_op": 2,
  "num_policy": 4,
  "num_search": 200,
  "per_device_eval_batch_size": 128,
  "per_device_train_batch_size": 16,
  "policy_0_0": 2,
  "policy_0_1": 0,
  "policy_1_0": 0,
  "policy_1_1": 1,
  "policy_2_0": 1,
  "policy_2_1": 0,
  "policy_3_0": 3,
  "policy_3_1": 1,
  "prob_0_0": 0.4597092562315982,
  "prob_0_1": 0.5692239400165725,
  "prob_1_0": 0.4948663950140113,
  "prob_1_1": 0.04247422208775353,
  "prob_2_0": 0.9287795431144661,
  "prob_2_1": 0.9650410482858904,
  "prob_3_0": 0.7957382231164439,
  "prob_3_1": 0.967519563115195,
  "redis": "localhost:6379",
  "seed": 59,
  "smoke": {
    "test": false
  },
  "tag": "pretrained_trail1_train-npc1000_n-aug1",
  "test": {
    "npc": 30
  },
  "topN": 3,
  "trail": 1,
  "train": {
    "npc": 1000
  },
  "until": 5,
  "valid": {
    "npc": 30
  }
}